sku,price,image-url,name,category,product-type,parent-sku,attribute-1-name,attribute-1-value,attribute-2-name,attribute-2-value,attribute-3-name,attribute-3-value,attribute-4-name,attribute-4-value,attribute-5-name,attribute-5-value,attribute-6-name,attribute-6-value,attribute-7-name,attribute-7-value,attribute-8-name,attribute-8-value
GLOVES,,https://ucarecdn.com/42ac6ab3-a2bf-47d1-83a1-7c6faabd11d6/,Gloves,Personal Protective Equipment ,parent-variable,,,,,,,,,,,,,,,,,
229-0245,$12.04,https://ucarecdn.com/42ac6ab3-a2bf-47d1-83a1-7c6faabd11d6/,Cranberry Gloves,Personal Protective Equipment ,Child,GLOVES,Size,Medium ,Box Count ,100/Box,Glove Material,Latex ,Powdering,Powder Free ,,,,,,,,
088-4734,$12.74,https://ucarecdn.com/51c1f9f2-0452-4fd1-a15f-ed032080a6f1/,Patterson Gloves ,Personal Protective Equipment ,Child ,GLOVES,Size,Medium ,Box Count ,100/Box,Glove Material,Latex ,Powdering,Powder Free,,,,,,,,
229-0237,$12.04,https://ucarecdn.com/42ac6ab3-a2bf-47d1-83a1-7c6faabd11d6/,Cranberry Gloves ,Personal Protective Equipment ,Child,GLOVES,Size ,Small ,Box Count ,100/Box ,Glove Material ,Latex ,Powdering,Powder Free ,,,,,,,,
229-0229,$12.04,https://ucarecdn.com/42ac6ab3-a2bf-47d1-83a1-7c6faabd11d6/,Cranberry Gloves,Personal Protective Equipment ,Child,GLOVES,Size ,Extra Small ,Box Count,100/Box ,Glove Material ,Latex ,Powdering,Powder Free ,,,,,,,,
088-4718,$12.74,https://ucarecdn.com/88e98950-5552-4584-8101-e6dcde185725/,Patterson Gloves ,Personal Protective Equipment ,Child ,GLOVES,Size ,Extra Small ,Box Count ,100/Box,Glove Material ,Latex ,Powdering,Powder Free ,,,,,,,,
088-4726,$12.74,https://ucarecdn.com/4e2a5491-ce57-45c5-9f2f-a27fe4dae777/,Patterson Gloves ,Personal Protective Equipment ,Child ,GLOVES,Size ,Small ,Box Count ,100/Box ,Glove Material ,Latex ,Powdering,Powder Free,,,,,,,,
229-0252,$12.04,https://ucarecdn.com/42ac6ab3-a2bf-47d1-83a1-7c6faabd11d6/,Cranberry Gloves ,Personal Protective Equipment ,Child ,GLOVES,Size ,Large ,Box Count ,100/Box ,Glove Material ,Latex ,Powdering,Powder Free ,,,,,,,,
037-5840,$12.57,https://ucarecdn.com/cdfbbabb-1e98-4368-ac7c-9614e7886ad4/,Braval Gloves ,Personal Protective Equipment ,Child ,GLOVES,Size ,Extra Small ,Box Count ,100/Box ,Glove Material ,Latex ,Powdering,Powder Free ,,,,,,,,
,,,,,,,,,,,,,,,,,,,,,,
CUPS,,https://ucarecdn.com/a382e43f-ff46-4337-ab23-604ba2e1938b/,Cups,Cotton & Paper Supplies ,parent-variable,,,,,,,,,,,,,,,,,
234-9348,$35.90,https://ucarecdn.com/a382e43f-ff46-4337-ab23-604ba2e1938b/,Plastic Cups ,Cotton & Paper Supplies ,Child,CUPS,Size,5oz ,Count ,1000/Pkg ,Color ,Dusty Rose ,,,,,,,,,,
085-1444,$33.99,-- no available image,Patterson Plastic Drinking Cups ,Cotton & Paper Supplies ,Child ,CUPS,Size,5oz ,Count ,1000/Pkg,Color ,Lavender ,,,,,,,,,,
234-9330,$29.24,https://ucarecdn.com/0d3bf08f-475d-46ea-9718-921b468f0c3c/,Plastic Cups ,Cotton & Paper Supplies ,Child ,CUPS,Size,5oz ,Count,1000/Pkg ,Color ,Blue ,,,,,,,,,,
,,,,,,,,,,,,,,,,,,,,,,
SALIVA-EJECTOR,,https://ucarecdn.com/11ea2afb-38ef-416d-af50-54ff655c9473/,Saliva Ejector,"Saliva Ejectors, HVE & Aspirator Tips ",parent-variable,,,,,,,,,,,,,,,,,
107-3964,$3.75,https://ucarecdn.com/11ea2afb-38ef-416d-af50-54ff655c9473/,Saliva Ejector ,"Saliva Ejectors, HVE & Aspirator Tips ",Child ,SALIVA-EJECTOR,Size ,One Size ,Count ,100/Pkg ,Color ,Clear ,,,,,,,,,,
089-4089,$3.23,-- no available image,Patterson Legacy Saliva Ejector ,"Saliva Ejectors, HVE & Aspirator Tips ",Child ,SALIVA-EJECTOR,Size ,One Size ,Count ,100/Pkg,Color ,Clear w/ Blue Tip,,,,,,,,,,
089-4170,$62.64,https://ucarecdn.com/003f5150-6423-4bc6-9089-f1bdea8c8067/,Patterson Saliva Valve Flip Style ,"Saliva Ejectors, HVE & Aspirator Tips ",Child ,SALIVA-EJECTOR,Size ,One size ,Count ,1/Pkg ,Color ,Silver ,Sterilization Type ,Autoclavable ,Brand ,Patterson,,,,,,
,,,,,,,,,,,,,,,,,,,,,,
,,,,,,,,,,,,,,,,,,,,,,
HVE-ASPIRATOR-TIPS,,https://ucarecdn.com/b3acd863-17ef-4817-83b0-9c625f1627fd/,HVE Aspirator Tips,"Saliva Ejectors, HVE & Aspirator Tips ",parent-variable,,,,,,,,,,,,,,,,,
632-1632,$19.46,https://ucarecdn.com/b3acd863-17ef-4817-83b0-9c625f1627fd/,Monoject 443 Oral Evacuator,"Saliva Ejectors, HVE & Aspirator Tips ",Child ,HVE-ASPIRATOR-TIPS,Size ,"6"" ",Count ,100/Pkg,Color ,White ,,,,,,,,,,
089-4287,$1.33,https://ucarecdn.com/1b5ff981-f748-4387-b4d2-4fc0584a29a2/,HVE Apirator Tips - Disposible ,"Saliva Ejectors, HVE & Aspirator Tips ",Child ,HVE-ASPIRATOR-TIPS,Size ,One Size ,Count ,50/Pkg ,Color ,White ,,,,,,,,,,
,,,,,,,,,,,,,,,,,,,,,,
,,,,,,,,,,,,,,,,,,,,,,
PROPHY-ANGLES,,https://ucarecdn.com/8351026b-c606-4413-9103-015a2ba24ec8/,Prophy Angles,"Prophy Angles, Brushes & Cups ",,,,,,,,,,,,,,,,,,
223-1934,$53.95,https://ucarecdn.com/8351026b-c606-4413-9103-015a2ba24ec8/,Oral-B SUPA Single Use Prophy Angles,"Prophy Angles, Brushes & Cups ",Parent,PROPHY-ANGLES,Size ,One Size ,Count ,100/Pkg,Color ,Gold ,,,,,,,,,,
,,,,,,,,,,,,,,,,,,,,,,
PROPHY-CUPS,,https://ucarecdn.com/1a9cca14-559a-4a2c-a114-185f084a6021/,Prophy Cups,"Prophy Angles, Brushes & Cups ",,,,,,,,,,,,,,,,,,
768-1364,$84.09,https://ucarecdn.com/1a9cca14-559a-4a2c-a114-185f084a6021/,Prophy Cups ,"Prophy Angles, Brushes & Cups ",Parent,PROPHY-CUPS,Size ,Standard ,Count ,144/Pkg,Connection Type ,Latch ,Tip Type ,Cup ,,,,,,,,
,,,,,,,,,,,,,,,,,,,,,,
DISINFECTANT-WIPES,,https://ucarecdn.com/d32ac780-829b-4f14-b95f-c198ceb80a59/,Prophy Paste ,Preventative & Oral Hygiene Products ,,,,,,,,,,,,,,,,,,
665-5476,$41.10,https://ucarecdn.com/d32ac780-829b-4f14-b95f-c198ceb80a59/,Topex Prophy Paste,Preventative & Oral Hygiene Products ,Parent,DISINFECTANT-WIPES,Size ,2g ,Count ,200/Pkg,Flavor ,Mint ,Flavor Family ,Mint  ,Fluoride Content ,Fluoride ,Grit ,Coarse ,,,,
,,,,,,,,,,,,,,,,,,,,,,
FLOSS,,https://ucarecdn.com/bcec8703-67b6-4b40-9682-de834164c32f/,Floss,Preventative & Oral Hygiene Products ,parent-variable,,,,,,,,,,,,,,,,,
344-5574,$6.76,https://ucarecdn.com/bcec8703-67b6-4b40-9682-de834164c32f/,Oral-B Glide Floss ,Preventative & Oral Hygiene Products ,Child,FLOSS,Floss Length ,200m ,Count ,1/Pkg ,Flavor ,Unflavored ,Flavor Family ,Unflavored ,,,,,,,,
223-1546,$92.64,https://ucarecdn.com/5fa3c304-3097-4905-a238-02386035af81/,Oral-B SuperFloss (Trial Pack),Preventative & Oral Hygiene Products ,Child,FLOSS,Floss Coating ,Waxed ,Count ,100/Pkg,Flavor ,Unflavored ,Flavor Family ,Unflavored ,,,,,,,,
,,,,,,,,,,,,,,,,,,,,,,
FLUORIDE-VARNISH,,https://ucarecdn.com/9ec13af6-f9c5-499a-bcd2-eb4693cd0f45/,Fluoride Varnish ,Preventative & Oral Hygiene Products ,,,,,,,,,,,,,,,,,,
710-9606,$84.99,https://ucarecdn.com/9ec13af6-f9c5-499a-bcd2-eb4693cd0f45/,Fluoride Varnish ,Preventative & Oral Hygiene Products ,Parent,FLUORIDE-VARNISH,Size ,0.4ml ,Count ,50/Pkg,Flavor ,Mint ,Flavor Family ,Mint ,Active Ingredient,5% Sodium Fluoride ,Brand ,VOCO,,,,
,,,,,,,,,,,,,,,,,,,,,,
TOOTHPASTE,,https://ucarecdn.com/7ca1aeb5-95ef-41b9-b451-95174cbd1471/,Toothpaste,Preventative & Oral Hygiene Products,,,,,,,,,,,,,,,,,,
098-2207,$92.47,https://ucarecdn.com/7ca1aeb5-95ef-41b9-b451-95174cbd1471/,Sensodyne Rapid Relief Toothpaste ,Preventative & Oral Hygiene Products,Parent,TOOTHPASTE,Size ,3.4oz ,Count ,12/Pkg ,Flavor ,Mint ,Flavor Family ,Mint ,,,,,,,,
,,,,,,,,,,,,,,,,,,,,,,
DISINFECTANT-WIPES,,https://ucarecdn.com/9d3a2b1c-8620-4309-a882-8cfab3e90780/,Disinfectant Wipes ,"Sterilization, Disinfectants, & Line Cleaners",parent-variable,,,,,,,,,,,,,,,,,
763-2946,$10.95,https://ucarecdn.com/9d3a2b1c-8620-4309-a882-8cfab3e90780/,Scican Optim 33 TB Wipes ,"Sterilization, Disinfectants, & Line Cleaners",Child ,DISINFECTANT-WIPES,Size ,"6"" x 7"" ",Count ,160/Pkg ,Color ,White,,,,,,,,,,
060-5386,$10.95,https://ucarecdn.com/03e29f30-397f-40f0-ac18-1d6709123f65/,Scican Optim 1 Wipes ,"Sterilization, Disinfectants, & Line Cleaners",Child ,DISINFECTANT-WIPES,Size ,"6"" x 7""",Count ,160/Pkg ,Color ,White,,,,,,,,,,
,,,,,,,,,,,,,,,,,,,,,,
ALCOHOL,,https://ucarecdn.com/3d761821-5f7a-4ed0-ae85-7f0b7439dba7/,Alcohol,"Sterilization, Disinfectants, & Line Cleaners",,,,,,,,,,,,,,,,,,
144-7994,$3.31,https://ucarecdn.com/3d761821-5f7a-4ed0-ae85-7f0b7439dba7/,Alcohol 70% Isopropyl ,"Sterilization, Disinfectants, & Line Cleaners",Parent,ALCOHOL,Size ,16oz ,Count ,1/Pkg ,,,,,,,,,,,,
,,,,,,,,,,,,,,,,,,,,,,
ORANGE-SOLVENT-,,https://ucarecdn.com/95a8c094-a3fa-4e6d-8be5-fd08d5e7971f/,Orange Solvent ,"Sterilization, Disinfectants, & Line Cleaners",,,,,,,,,,,,,,,,,,
603-6503,$7.39,https://ucarecdn.com/95a8c094-a3fa-4e6d-8be5-fd08d5e7971f/,Orange Solvent ,"Sterilization, Disinfectants, & Line Cleaners",Parent ,ORANGE-SOLVENT-,Size ,8oz ,Count ,1/Pkg ,,,,,,,,,,,,
,,,,,,,,,,,,,,,,,,,,,,
HYDROGEN-PEROXIDE,,https://ucarecdn.com/b56ca625-8dc1-4e34-b74b-6f21b7dc0c3b/,Hydrogen Peroxide ,First Aid Kits & Supplies ,,,,,,,,,,,,,,,,,,
144-8133,$13.42,https://ucarecdn.com/b56ca625-8dc1-4e34-b74b-6f21b7dc0c3b/,Hydrogen Peroxide 3% ,First Aid Kits & Supplies ,Parent ,HYDROGEN-PEROXIDE,Size ,1 Gal,Count ,1/Pkg ,,,,,,,,,,,,
,,,,,,,,,,,,,,,,,,,,,,
CARBIDE-BURS,,https://ucarecdn.com/7f2f5ee8-aa68-4e89-990c-85d6d7fc0aca/,Carbide Burs ,Bur & Diamond Rotary Instruments,parent-variable,,,,,,,,,,,,,,,,,
116-0613,$48.87,https://ucarecdn.com/7f2f5ee8-aa68-4e89-990c-85d6d7fc0aca/,NTI Trimming & Finishing Carbides ,Bur & Diamond Rotary Instruments,Child ,CARBIDE-BURS,Size ,2.3mm Diameter ,Count ,5/Pkg ,Ring Color,Red ,Head Shape ,Football ,Bur Number ,7403,Shank Type ,FG,,,,
116-1116,$47.50,https://ucarecdn.com/8e3112f6-9226-477a-94ee-90ac561622bc/,NTI Trimming & Finishing Carbides ,Bur & Diamond Rotary Instruments,Child ,CARBIDE-BURS,Size ,1.0mm Diameter ,Count ,5/PKG,Ring Color ,Red ,Head Shape ,Flame ,Bur number , 48L-010,Shank Type ,FG,,,,
492-8867,$21.00,https://ucarecdn.com/5d056b92-712c-4380-aeb5-6c1fa0960276/,Midwest Operative Carbide Burs ,Bur & Diamond Rotary Instruments,Child ,CARBIDE-BURS,Size ,1.8mm Diameter ,Count ,10/Pkg,Ring Color ,No Ring,Head Shape ,Round ,Bur Number ,6,Shank Type ,RA,,,,
492-8875,$21.00,https://ucarecdn.com/5d056b92-712c-4380-aeb5-6c1fa0960276/,Midwest Operative Carbide Burs ,Bur & Diamond Rotary Instruments,Child ,CARBIDE-BURS,Size ,2.3mm Diameter ,Count ,10/Pkg ,Ring Color ,No Ring ,Head Shape ,Round ,Bur Number ,8,Shank Type ,RA,,,,
735-7247,$173.05,https://ucarecdn.com/1e1bbcaf-47c8-4a31-8a2c-c67277a66704/,Standard Operatory Carbide Burs ,Bur & Diamond Rotary Instruments,Child ,CARBIDE-BURS,SIze ,2.3mm Diameter,Count ,100/Pkg ,Ring Color ,No Ring ,Head Shape ,Round ,Bur Number ,8,Shank Type ,FG,,,,
735-6926,$173.05,https://ucarecdn.com/f7052ddd-3075-4fd7-a07a-4ae9cd8fec15/,Standard Operatory Carbide Burs ,Bur & Diamond Rotary Instruments,Child ,CARBIDE-BURS,Size ,0.8mm Diameter ,Count ,100/Pkg ,Ring Color,No Ring ,Head Shape ,Straight Fissure ,Bur Number ,556,Shank Type ,FG,,,,
735-6884,$173.05,https://ucarecdn.com/e98401b1-3074-4766-bbed-a8eadb9ba77b/,Standard Operatory Carbide Burs ,Bur & Diamond Rotary Instruments,Child ,CARBIDE-BURS,Size ,1.8mm Diameter ,Count ,100/Pkg ,Ring Color ,No Ring,Head Shape ,Round ,Bur Number ,6,Shank Type ,FG,,,,
,,,,,,,,,,,,,,,,,,,,,,
DIAMOND-BURS,,https://ucarecdn.com/fe5dd065-727f-4dee-b681-b23c1b5a782a/,Diamond Burs ,Bur & Diamond Rotary Instruments,parent-variable,,,,,,,,,,,,,,,,,
740-4981,$43.25,https://ucarecdn.com/fe5dd065-727f-4dee-b681-b23c1b5a782a/,Revelation Diamonds - Finishing ,Bur & Diamond Rotary Instruments,Child ,DIAMOND-BURS,Size ,1.4mm Diameter,Count ,5/Pkg,Ring Color ,Red ,Head Shape ,Cone ,Bur Number ,858,Shank Type ,FG,,,,
572-9744,$38.93,https://ucarecdn.com/026bf970-2bf4-4509-9bda-17a95d5af404/,Solo Diamond Single-Use Diamond Bur,Bur & Diamond Rotary Instruments,Child ,DIAMOND-BURS,Size ,0.9mm Diameter ,Count ,25/Pkg,Ring Color ,Green ,Head Shape ,Cone ,Bur Number ,850,Shank Type ,FG,,,,
572-9918,$38.93,https://ucarecdn.com/026bf970-2bf4-4509-9bda-17a95d5af404/,Solo Diamond Single-Use Diamond Bur,Bur & Diamond Rotary Instruments,Child ,DIAMOND-BURS,Size ,1.4mm Diameter ,Count ,25/Pkg,Ring Color ,Green ,Head Shape ,Cone ,Bur Number ,858,Shank Type ,FG,,,,
572-9603,$38.93,https://ucarecdn.com/026bf970-2bf4-4509-9bda-17a95d5af404/,Solo Diamond Single-Use Diamond Bur,Bur & Diamond Rotary Instruments,Child ,DIAMOND-BURS,Size ,1.6mm Diameter ,Count ,25/Pkg ,Ring Color ,Green ,Head Shape ,Cone ,Bur Number ,846,Shank Type ,FG,,,,
121-4071,$60.29,https://ucarecdn.com/11c11342-946c-4ff6-89be-69be73a67ae8/,Zir-CUT Diamond Burs ,Bur & Diamond Rotary Instruments,Child ,DIAMOND-BURS,Size ,2.5mm Diameter ,Count ,5/Pkg,Ring Color ,Blue ,Head Shape ,Cone ,Bur Number ,856,Shank Type,FG,,,,
121-4089,$57.79,https://ucarecdn.com/179e39ca-8665-4e49-b9ed-81abf8bd2f8d/,Zir-CUT Diamond Burs ,Bur & Diamond Rotary Instruments,Child ,DIAMOND-BURS,Size ,2.300mm Diameter ,Count ,5/Pkg,Ring Color ,Blue ,Head Shape ,Football ,Bur Number ,368,Shank Type ,,,,,
,,,,,,,,,,,,,,,,,,,,,,
FINISHING-POLISHING-ROTARY-INSTRUMENTS,,https://ucarecdn.com/d06b7b2e-0253-4df7-8c11-8be8a5464dbe/,Finishing & Polishing Rotary Instruments,Finishing & Polishing Rotary Instruments,parent-variable,,,,,,,,,,,,,,,,,
509-9908,$30.25,https://ucarecdn.com/d06b7b2e-0253-4df7-8c11-8be8a5464dbe/,Polishing Brushes ,Finishing & Polishing Rotary Instruments,Child ,FINISHING-POLISHING-ROTARY-INSTRUMENTS,Size ,"1/2"" Diameter ",Count ,25/Pkg ,,,,,,,,,,,,
171-9426,$99.17,https://ucarecdn.com/75024cda-3cf9-48e3-a7c9-55124d7dacfe/,Enhance Finishing System - Cup Refill,Finishing & Polishing Rotary Instruments,Child ,FINISHING-POLISHING-ROTARY-INSTRUMENTS,Size Shank ,CA ,Count ,40/Pkg,Color ,White ,,,,,,,,,,
,,,,,,,,,,,,,,,,,,,,,,
MANDRELS,,https://ucarecdn.com/d14c1d59-aeae-48a3-b42f-adcbfd3f9662/,Mandrels ,Finishing & Polishing Rotary Instruments,parent-variable,,,,,,,,,,,,,,,,,
503-0226,$32.94,https://ucarecdn.com/d14c1d59-aeae-48a3-b42f-adcbfd3f9662/,Sof-Lex Mandrels ,Finishing & Polishing Rotary Instruments,Child ,MANDRELS,Shank Type ,Right Angle ,Count ,3/Pkg ,,,,,,,,,,,,
,,,,,,,,,,,,,,,,,,,,,,
FINISHING-DISCS,,https://ucarecdn.com/1efeed24-33fd-45ae-8308-192cd22b5567/,Finishing Discs,Finishing & Polishing Rotary Instruments,parent-variable,,,,,,,,,,,,,,,,,
503-0077,$62.40,https://ucarecdn.com/1efeed24-33fd-45ae-8308-192cd22b5567/,Sof-Lex Contouring and Polishing Disc Refill ,Finishing & Polishing Rotary Instruments,Child ,FINISHING-DISCS,Size ,1/2 Diameter ,Count ,85/Pkg ,Color ,Dark Blue ,Grit ,Medium ,Shape ,Disc ,Style ,Pop-on ,,,,
503-0085,$62.40,https://ucarecdn.com/cb3208dd-b844-4e8f-ab7b-ee0d1cc858df/,Sof-Lex Contouring and Polishing Disc Refill ,Finishing & Polishing Rotary Instruments,Child ,FINISHING-DISCS,Size ,1/2 Diameter,Count ,85/Pkg ,Color ,Black ,Grit ,Coarse ,Shape ,Disc ,Style ,Pop-on ,,,,
503-0051,$62.40,https://ucarecdn.com/b6bb3512-3c66-4483-8c66-b9cb9bd4d51a/,Sof-Lex Contouring and Polishing Disc Refill ,Finishing & Polishing Rotary Instruments,Child ,FINISHING-DISCS,Size ,1/2 Diameter ,Count ,85/Pkg,Color ,Light Blue ,Grit ,Super Fine ,Shape ,Disc ,Style ,Pop-on ,,,,
503-0069,$62.40,https://ucarecdn.com/bdd02004-7b2a-4a81-a2db-3e681f972e8e/,Sof-Lex Contouring and Polishing Disc Refill ,Finishing & Polishing Rotary Instruments,Child ,FINISHING-DISCS,Size ,1/2 Diameter ,Count ,85/Pkg,Color ,Medium Blue ,Grit ,Fine ,Shape ,Disc ,Style ,Pop-on ,,,,
503-0010,$62.40,https://ucarecdn.com/b6bb3512-3c66-4483-8c66-b9cb9bd4d51a/,Sof-Lex Contouring and Polishing Disc Refill ,Finishing & Polishing Rotary Instruments,Child ,FINISHING-DISCS,Size ,3/8 Diameter ,Count ,85/Pkg ,Color ,Light Blue ,Grit ,Super Fine ,Shape ,Disc ,Style ,Pop-on ,,,,
503-0028,$62.40,https://ucarecdn.com/bdd02004-7b2a-4a81-a2db-3e681f972e8e/,Sof-Lex Contouring and Polishing Disc Refill ,Finishing & Polishing Rotary Instruments,Child ,FINISHING-DISCS,Size ,3/8 Diameter ,Count ,85/Pkg ,Color ,Medium Blue ,Grit ,Medium Blue ,Shape ,Disc ,Style ,Pop-on ,,,,
503-0044,$62.40,https://ucarecdn.com/cb3208dd-b844-4e8f-ab7b-ee0d1cc858df/,Sof-Lex Contouring and Polishing Disc Refill ,Finishing & Polishing Rotary Instruments,Child ,FINISHING-DISCS,Size ,3/8 Diameter,Count ,85/Pkg,Color ,Black ,Grit ,Coarse ,Shape ,Disc ,Style ,Pop-on ,,,,
503-0036,$62.40,https://ucarecdn.com/1efeed24-33fd-45ae-8308-192cd22b5567/,Sof-Lex Contouring and Polishing Disc Refill ,Finishing & Polishing Rotary Instruments,Child ,FINISHING-DISCS,Size ,3/8 Diameter ,Count ,85/Pkg,Color ,Dark Blue ,Grit ,Medium ,Shape ,Disc ,Style ,Pop-on ,,,,
,,,,,,,,,,,,,,,,,,,,,,
MASKS,,https://ucarecdn.com/a3ee22dc-a124-467d-b3b3-1905a1fdf814/,Masks,Personal Protective Equipment ,parent-variable,,,,,,,,,,,,,,,,,
127-7524,$14.44,https://ucarecdn.com/a3ee22dc-a124-467d-b3b3-1905a1fdf814/,Patterson Procedure Earloop Mask,Personal Protective Equipment ,Child ,MASKS,Size ,One Size ,Count ,50/Pkg,Color ,Blue ,ASTM Level,3,Mask Type ,Procedure ,,,,,,
,,,,,,,,,,,,,,,,,,,,,,
GOWNS,,https://ucarecdn.com/5db53793-6881-4689-9b98-e50b9af99767/,Gowns,Personal Protective Equipment ,parent-variable,,,,,,,,,,,,,,,,,
058-5711,$24.56,https://ucarecdn.com/5db53793-6881-4689-9b98-e50b9af99767/,Patterson Fabric Cover Gowns ,Personal Protective Equipment ,Child ,GOWNS,Size ,Medium/Large ,Count ,10/Pkg,Color ,Blue ,,,,,,,,,,
,,,,,,,,,,,,,,,,,,,,,,
FACE-SHIELDS,,https://ucarecdn.com/df223e6e-d8f3-4f85-9052-6ee91d54fc29/,Face Shields,Personal Protective Equipment ,parent-variable,,,,,,,,,,,,,,,,,
546-4508,$56.04,https://ucarecdn.com/df223e6e-d8f3-4f85-9052-6ee91d54fc29/,Visor Shield Protective Barrier System Kit ,Personal Protective Equipment ,Child ,FACE-SHIELDS,Size ,Medium ,Count ,1/Pkg ,Color ,White ,Contains ,"1 light cure filter, 1 medium ABS visor, 1 mini shield and 3 face shields ",,,,,,,,
546-4557,$25.58,https://ucarecdn.com/90a9861e-58e5-4868-8ac4-8202e6bdde30/,Visor Shield Protective Barrier System Replacement Shields,Personal Protective Equipment ,Child ,FACE-SHIELDS,Size ,Full Length ,Count ,3/Pkg ,,,,,,,,,,,,
546-4607,$12.16,https://ucarecdn.com/d64bc8d6-30fb-4295-8196-748ba8e18bf5/,Visor Shield Protective Barrier System Mini Shields,Personal Protective Equipment ,Child ,FACE-SHIELDS,Size ,Full Length ,Count ,6/Pkg ,,,,,,,,,,,,
546-4730,$69.29,-- no available image,Visor Face Shield Kit ,Personal Protective Equipment ,Child ,FACE-SHIELDS,Frame Type ,Visor ,Count ,1/Pkg ,Color ,Misty Jade ,Color Family ,Teal ,,,,,,,,
546-4375,$11.81,https://ucarecdn.com/50244e62-46c3-48f3-b5a9-973afe2d4488/,Visor Shield Protective Parrier System Foam Bumpers,Personal Protective Equipment ,Child ,FACE-SHIELDS,Frame Type ,Visor ,Count ,6/Pkg,,,,,,,,,,,,
546-4474,$73.01,https://ucarecdn.com/2323c516-1132-414d-ba8b-0b82c6f140ac/,Visor Shield PRotective Barrier System Kit ,Personal Protective Equipment ,Child ,FACE-SHIELDS,Frame Type ,Visor ,Count ,1/Pkg,Color ,Jade ,Color Family ,Teal ,,,,,,,,
,,,,,,,,,,,,,,,,,,,,,,
DRI-ANGLE,,https://ucarecdn.com/3beddc55-0859-437b-88ae-955a892c506f/,Dri-Angle ,Cotton & Paper Supplies ,,,,,,,,,,,,,,,,,,
259-7854,$18.01,https://ucarecdn.com/3beddc55-0859-437b-88ae-955a892c506f/,Dri-Angle ,Cotton & Paper Supplies ,Parent ,DRI-ANGLE,Size ,Small ,Count ,400/Pkg ,Color ,Silver ,,,,,,,,,,
,,,,,,,,,,,,,,,,,,,,,,
COTTON-ROLLS,,https://ucarecdn.com/87c3face-72a4-454a-be32-6fd04182ba52/,Cotton Rolls ,Cotton & Paper Supplies ,,,,,,,,,,,,,,,,,,
085-0073,$16.22,https://ucarecdn.com/87c3face-72a4-454a-be32-6fd04182ba52/,Patterson Nonsterile Cotton Rolls ,Cotton & Paper Supplies ,Parent,COTTON-ROLLS,Size ,#2,Count ,2000/Pkg,Color ,White ,,,,,,,,,,
,,,,,,,,,,,,,,,,,,,,,,
GAUZE,,https://ucarecdn.com/855c9455-c144-4182-88a1-e66da594cd8c/,Gauze ,Cotton & Paper Supplies ,,,,,,,,,,,,,,,,,,
089-6167,$59.49,https://ucarecdn.com/855c9455-c144-4182-88a1-e66da594cd8c/,Patterson Nonwoven Gauze Sponges ,Cotton & Paper Supplies ,Parent,GAUZE,Size ,"2"" x 2"" ",Count ,5000/Case ,Color ,White ,Sponge Construction,4 Ply ,,,,,,,,
,,,,,,,,,,,,,,,,,,,,,,
TOWELS-AND-BIBS,,https://ucarecdn.com/778bf376-9935-4ee3-af4e-57036cd0f83b/,Towels and Bibs ,Cotton & Paper Supplies ,parent-variable,,,,,,,,,,,,,,,,,
235-2698,$29.50,https://ucarecdn.com/778bf376-9935-4ee3-af4e-57036cd0f83b/,Polyback Towels and Bibs ,Cotton & Paper Supplies ,Child ,TOWELS-AND-BIBS,Size ,"13"" x 19"" ",Count ,500/Pkg ,Color ,Dusty Rose ,Color Family ,Pink ,,,,,,,,
235-2722,$29.50,https://ucarecdn.com/18d64fba-9227-4cf8-bffc-985bb2bb08a6/,Polyback Towels and Bibs ,Cotton & Paper Supplies ,Child ,TOWELS-AND-BIBS,Size ,"13"" x 19"" ",Count ,500/Pkg,Color ,Lavender,Color Family ,Purple ,,,,,,,,
235-2664,$32.44,https://ucarecdn.com/b7f6f6a4-349c-4503-90aa-ab60471e787b/,Polyback Towels and Bibs ,Cotton & Paper Supplies ,Child ,TOWELS-AND-BIBS,Size ,"13"" x 19"" ",Count ,500/Pkg ,Color ,White ,Color Family ,White ,,,,,,,,
235-2714,$32.44,https://ucarecdn.com/55fd95c4-365f-4b26-a377-e09dbb4cfb2f/,Polyback Towels and Bibs ,Cotton & Paper Supplies ,Child ,TOWELS-AND-BIBS,Size ,"13"" x 19""",Count ,500/Pkg,Color ,Aqua ,Color Family ,Blue,,,,,,,,
107-0796,$36.20,https://ucarecdn.com/b01765ed-f5d0-4408-8bd7-5390709c939e/,Patterson Patient Towels Poly-Backed Bibs,Cotton & Paper Supplies ,Child ,TOWELS-AND-BIBS,Size ,"13"" x 18""",Count ,500/Pkg,Color ,Beige ,Color Family ,Brown,,,,,,,,
,,,,,,,,,,,,,,,,,,,,,,
FIRST-AID-KITS-&-SUPPLIES,,https://ucarecdn.com/f6f4601e-530e-4a0a-85e6-12c649317ba2/,First Aid Kits & Supplies ,First Aid Kits & Supplies,,,,,,,,,,,,,,,,,,
015-5739,$3.53,https://ucarecdn.com/f6f4601e-530e-4a0a-85e6-12c649317ba2/,Johnson & Johnson Bandages ,First Aid Kits & Supplies,Parent,FIRST-AID-KITS-&-SUPPLIES,Size ,"3/4"" ",Count ,60/Pkg ,,,,,,,,,,,,
,,,,,,,,,,,,,,,,,,,,,,
PAPER-TOWELS,,https://ucarecdn.com/a19c8abd-3957-49af-b422-e004e66b9ee1/,Paper Towels ,Cotton & Paper Supplies ,,,,,,,,,,,,,,,,,,
631-5477,$54.29,https://ucarecdn.com/a19c8abd-3957-49af-b422-e004e66b9ee1/,Scott C-Fold Paper Towels ,Cotton & Paper Supplies ,Parent,PAPER-TOWELS,Size ,"10.125"" x 13.15""",Count ,12/Pkg/Case ,Color,White ,Product Form ,C-Fold ,,,,,,,,
,,,,,,,,,,,,,,,,,,,,,,
SOAP,,https://ucarecdn.com/b799b929-e0e3-4ba9-8795-b7e7471d69bd/,Soap,Office Supplies ,parent-variable,,,,,,,,,,,,,,,,,
279-9591,$6.95,https://ucarecdn.com/b799b929-e0e3-4ba9-8795-b7e7471d69bd/,Dial Complete Healthcare Tabletop Pump,Office Supplies ,Child ,SOAP,Size ,7.5oz ,Count ,1/Pkg,Color ,Clear ,Product Form ,Foaming ,Special Features,Antimicrobial ,,,,,,
279-9559,$16.13,https://ucarecdn.com/90eb90a2-2728-4eb2-ba2c-1b9722130c34/,Dial Liquid Antibacterial Hand Soap w/ Moisturizer ,Office Supplies ,Child ,SOAP,Size ,1gal ,Count ,1/Pkg ,Color ,Gold ,Scent ,Citrus ,,,,,,,,
,,,,,,,,,,,,,,,,,,,,,,
FACIAL-TISSUES,,https://ucarecdn.com/19a424a2-7ae9-417b-bf32-258618fc308a/,Facial Tissues ,Cotton & Paper Supplies ,,,,,,,,,,,,,,,,,,
445-2504,$54.12,https://ucarecdn.com/19a424a2-7ae9-417b-bf32-258618fc308a/,Kleenex Facial Tissue,Cotton & Paper Supplies ,Parent,FACIAL-TISSUES,Size ,"8.4"" x 8"" ",Count ,100 Sheets/ Box ,Color,White ,Box ,36 Boxes/Case ,,,,,,,,
,,,,,,,,,,,,,,,,,,,,,,
TOILET-PAPER,,https://ucarecdn.com/d09ec8b8-8146-4f13-bd60-04ce445d5be2/,Toilet Paper ,Cotton & Paper Supplies ,,,,,,,,,,,,,,,,,,
033-6800,$86.99,https://ucarecdn.com/d09ec8b8-8146-4f13-bd60-04ce445d5be2/,Kleenex Cottonelle 2-Ply Bathroom Tissue ,Cotton & Paper Supplies ,Parent,TOILET-PAPER,Size ,Standard ,Count ,505 Sheet/Roll,Container Amount ,60 Rolls/Ctn,,,,,,,,,,
,,,,,,,,,,,,,,,,,,,,,,
X-RAY-FILM-&-SENSOR-HOLDERS,,https://ucarecdn.com/206358cd-6e2f-41e0-a908-38691a4739d9/,X-Ray Film & Sensor Holders,X-Ray Film & Digital Holders,,,,,,,,,,,,,,,,,,
616-9106,$61.65,https://ucarecdn.com/206358cd-6e2f-41e0-a908-38691a4739d9/,Uni-Grip 360 Universal Disposable Sensor Holder ,X-Ray Film & Digital Holders,Parent,X-RAY-FILM-&-SENSOR-HOLDERS,Size ,Universal,Count ,50/Pkg,Color ,White ,Holder Type ,Adhesive Tab Holder ,,,,,,,,
,,,,,,,,,,,,,,,,,,,,,,
DISPOSABLE-PANORAMIC-BITE-BLOCKS,,https://ucarecdn.com/1d88fb16-6556-41c5-954d-d000fe7f2655/,Disposable Panoramic Bite Blocks ,X-Ray Film & Digital Holders,,,,,,,,,,,,,,,,,,
568-3024,$50.25,https://ucarecdn.com/1d88fb16-6556-41c5-954d-d000fe7f2655/,Dispos-A-Bite Disposable Bite Block,X-Ray Film & Digital Holders,Parent,DISPOSABLE-PANORAMIC-BITE-BLOCKS,Model # ,7010,Count ,100/Box ,Color ,White ,,,,,,,,,,
,,,,,,,,,,,,,,,,,,,,,,
GLASS-IONOMER-RESTORATIVES,,https://ucarecdn.com/5ccd4caa-4b22-4b1e-ab28-7f36ce10d1cf/,Glass Ionomer Restoratives,Restorative/Cosmetic Materials ,,,,,,,,,,,,,,,,,,
268-1278,$68.14,https://ucarecdn.com/5ccd4caa-4b22-4b1e-ab28-7f36ce10d1cf/,Bio-Cap Kit ,Restorative/Cosmetic Materials ,Parent,GLASS-IONOMER-RESTORATIVES,Size ,1ml ,Count ,1/Pkg ,Color ,White ,,,,,,,,,,
,,,,,,,,,,,,,,,,,,,,,,
RESTORATIVE-MATERIALS,,https://ucarecdn.com/7efa17ad-728a-4a36-a040-0bc96b489403/,Restorative Materials,Restorative/Cosmetic Materials ,parent-variable,,,,,,,,,,,,,,,,,
045-5121,$85.06,https://ucarecdn.com/7efa17ad-728a-4a36-a040-0bc96b489403/,Admira Fusion x-tra Resorative Material ,Restorative/Cosmetic Materials ,Child ,RESTORATIVE-MATERIALS,Size ,0.2g ,Count ,15/Pkg,Shade ,Universal ,Delivery Type ,Capsule ,,,,,,,,
589-0785,$99.80,https://ucarecdn.com/aeb9bd87-f99d-49f0-9dc4-15e36db448f4/,Activa BioActive- Restorative Syringe Refill,Restorative/Cosmetic Materials ,Child ,RESTORATIVE-MATERIALS,Size ,5ml,Count ,1/Pkg ,Shade ,A1 ,Delivery Type ,Syringe ,,,,,,,,
121-8866,$94.75,https://ucarecdn.com/9b21817a-f5c7-447c-b07c-181f1f0def8f/,3M Filtek Supreme Flowable Composite Restorative Syringe ,Restorative/Cosmetic Materials ,Child ,RESTORATIVE-MATERIALS,Size ,2g ,Count ,2/Pkg,Shade ,A3 ,Delivery Type ,Syringe ,,,,,,,,
121-8841,$104.46,https://ucarecdn.com/ba7f0522-aa96-460d-8907-2d58a5effa77/,3M Filtek Supreme Flowable Composite Restorative Syringe ,Restorative/Cosmetic Materials ,Child ,RESTORATIVE-MATERIALS,Size ,2g ,Count ,2/Pkg,Shade ,A1 ,Delivery Type ,Syringe ,,,,,,,,
121-8858,$104.46,https://ucarecdn.com/ba7f0522-aa96-460d-8907-2d58a5effa77/,3M Filtek Supreme Flowable Composite Restorative Syringe ,Restorative/Cosmetic Materials ,Child ,RESTORATIVE-MATERIALS,Size ,2g,Count ,2/Pkg,Shade ,A2 ,Delivery Type ,Syringe ,,,,,,,,
121-8874,$104.46,https://ucarecdn.com/ba7f0522-aa96-460d-8907-2d58a5effa77/,3M Filtek Supreme Flowable Composite Restorative Syringe ,Restorative/Cosmetic Materials ,Child ,RESTORATIVE-MATERIALS,Size ,2g,Count ,2/Pkg ,Shade ,A3.5,Delivery Type ,Syringe ,,,,,,,,
502-2918,$122.99,https://ucarecdn.com/0dc25eaf-3b06-46c8-80ae-d6646b54546a/,Filtek Supreme Ultra Universal Composite Capsule Refill ,Restorative/Cosmetic Materials ,Child ,RESTORATIVE-MATERIALS,Size ,0.2g ,Count ,20/Pkg ,Shade ,A1 ,Delivery Type ,Capsule ,,,,,,,,
045-4678,$85.06,https://ucarecdn.com/e6bf496c-048e-441d-a2df-18dd08459680/,Admira Fusion Universal Nano ORMOCER Caps ,Restorative/Cosmetic Materials ,Child ,RESTORATIVE-MATERIALS,Size ,0.2g ,Count ,15/Pkg ,Shade ,B1 ,Delivery Type ,Capsule ,,,,,,,,
045-4629,$85.06,https://ucarecdn.com/e6bf496c-048e-441d-a2df-18dd08459680/,Admira Fusion Universal Nano ORMOCER Caps ,Restorative/Cosmetic Materials ,Child ,RESTORATIVE-MATERIALS,Size ,0.2g ,Count ,15/Pkg ,Shade ,A1 ,Delivery Type ,Capsule ,,,,,,,,
045-4637,$85.06,https://ucarecdn.com/e6bf496c-048e-441d-a2df-18dd08459680/,Admira Fusion Universal Nano ORMOCER Caps ,Restorative/Cosmetic Materials ,Child ,RESTORATIVE-MATERIALS,Size ,0.2g ,Count ,15/Pkg ,Shade ,A2 ,Delivery Type ,Capsule ,,,,,,,,
045-4702,$85.06,https://ucarecdn.com/e6bf496c-048e-441d-a2df-18dd08459680/,Admira Fusion Universal Nano ORMOCER Caps ,Restorative/Cosmetic Materials ,Child ,RESTORATIVE-MATERIALS,Size ,0.2g ,Count ,15/Pkg,Shade ,BL ,Delivery Type ,Capsule ,,,,,,,,
045-4728,$85.06,https://ucarecdn.com/1b17367c-0aff-4628-83c7-338150f188bd/,Admira Fusion Universal Nano ORMOCER Caps ,Restorative/Cosmetic Materials ,Child ,RESTORATIVE-MATERIALS,Size ,0.2g,Count ,15/Pkg,Shade ,D3 ,Delivery Type ,Capsule ,,,,,,,,
,,,,,,,,,,,,,,,,,,,,,,
INTRAORAL-POLSIHING-PASTE,,https://ucarecdn.com/ff244283-e3ec-4a23-8ac5-ebce96ce6fc1/,Intraoral Polsihing Paste,Restorative/Cosmetic Materials ,,,,,,,,,,,,,,,,,,
509-9536,$44.25,https://ucarecdn.com/ff244283-e3ec-4a23-8ac5-ebce96ce6fc1/,Diamond Twist SCO - Intraoral Polsihing Paste,Restorative/Cosmetic Materials ,Parent,INTRAORAL-POLSIHING-PASTE,Size ,3g,Count ,1/Pkg,,,,,,,,,,,,
,,,,,,,,,,,,,,,,,,,,,,
RESORATIVE-BOND,,https://ucarecdn.com/798390c1-3a8c-4aab-b11b-951cf7b669ae/,Resorative Bond ,Restorative/Cosmetic Materials ,parent-variable,,,,,,,,,,,,,,,,,
702-8970,$141.90,https://ucarecdn.com/798390c1-3a8c-4aab-b11b-951cf7b669ae/,Futurabond U Single Dose Dual-Cure Universal Adhesive - Unit Doses,Restorative/Cosmetic Materials ,Child ,RESORATIVE-BOND,Size ,0.1ml ,Count ,50/Pkg ,Dose ,Single Dose ,,,,,,,,,,
702-8962,$461.54,https://ucarecdn.com/3c4bf5d8-32fd-4afb-ad59-0f91994ce452/,Futurabond U Single Dose Dual-Cure Universal Adhesive - Unit Doses,Restorative/Cosmetic Materials ,Child ,RESORATIVE-BOND,Size ,0.1ml,Count ,200/Pkg,Dose ,Single Dose ,,,,,,,,,,
503-1364,$213.72,https://ucarecdn.com/419822f6-90c1-4686-91cb-8d6f2f1d589d/,Adper SIngle Bond Plus Adhesive Refill ,Restorative/Cosmetic Materials ,Child ,RESORATIVE-BOND,Size ,6ml ,Count ,1/Pkg,Dose ,Multiple Doses ,,,,,,,,,,
503-2354,$181.00,https://ucarecdn.com/c4fdc244-262e-484c-8854-64ce423d668c/,Scotchbond Universal Adhesive Vial Intro Kit,Restorative/Cosmetic Materials ,Child ,RESORATIVE-BOND,Size ,5ml ,Count ,1/Pkg ,Dose ,Multiple Doses ,,,,,,,,,,
,,,,,,,,,,,,,,,,,,,,,,
ETCHING-GEL-MATERIALS,,https://ucarecdn.com/a1aa1e82-0a8f-43c9-a10d-8a4e67e85565/,Etching Gel Materials ,Restorative/Cosmetic Materials ,parent-variable,,,,,,,,,,,,,,,,,
324-2153,$38.25,https://ucarecdn.com/a1aa1e82-0a8f-43c9-a10d-8a4e67e85565/,40% Etch Gel ,Restorative/Cosmetic Materials ,Child ,ETCHING-GEL-MATERIALS,Size ,1.2ml ,Count ,4/Pkg ,Color ,Blue ,,,,,,,,,,
089-0376,$32.55,https://ucarecdn.com/0daa391d-cf73-4050-967b-884643912ed5/,40% Etch Gel Syringe Packs w/ Tips ,Restorative/Cosmetic Materials ,Child ,ETCHING-GEL-MATERIALS,Size ,5ml ,Count ,4/Pkg,Color ,Blue ,,,,,,,,,,
590-1913,$25.03,https://ucarecdn.com/594d8d20-edbd-4a27-b09d-8fab800188d3/,Porcelain Etch Gel ,Restorative/Cosmetic Materials ,Child ,ETCHING-GEL-MATERIALS,Size ,3ml ,Count ,1/Pkg ,Color ,Yellow ,,,,,,,,,,
,,,,,,,,,,,,,,,,,,,,,,
AMALGAM-CAPSULES,,https://ucarecdn.com/c92a6fa7-a062-4460-96cb-d3670a9b11c3/,Amalgam Capsules,Restorative/Cosmetic Materials ,parent-variable,,,,,,,,,,,,,,,,,
631-8737,$227.95,https://ucarecdn.com/c92a6fa7-a062-4460-96cb-d3670a9b11c3/,Permite Caps Dispersed Phase Alloy ,Restorative/Cosmetic Materials ,Child ,AMALGAM-CAPSULES,Size ,800mg,Count ,50/Pkg,Color ,Yellow/Blue ,Spill,3 Spill ,Set Time ,Fast Set ,,,,,,
090-0415,$157.92,https://ucarecdn.com/87fac014-1d1a-466d-b5bf-bffbf4327fa6/,Patterson Spherical Alloy Amalgam Capsules,Restorative/Cosmetic Materials ,Child ,AMALGAM-CAPSULES,Size ,800mg ,Count ,50/Pkg ,Color ,Burgundy/Blue ,Spill,3 Spill,Set Time ,Fast Set ,,,,,,
,,,,,,,,,,,,,,,,,,,,,,
CORE-BUILD-UP-MATERIALS,,https://ucarecdn.com/7b72c245-821c-4fd7-a2fb-4e8cf1760ad8/,Core Build-Up Materials,Restorative/Cosmetic Materials ,,,,,,,,,,,,,,,,,,
711-1198,$243.00,https://ucarecdn.com/7b72c245-821c-4fd7-a2fb-4e8cf1760ad8/,Rebilda DC Core Buildup Composite ,Restorative/Cosmetic Materials ,Parent,CORE-BUILD-UP-MATERIALS,Size ,50g ,Count ,1/Pkg,Shade ,White ,,,,,,,,,,
,,,,,,,,,,,,,,,,,,,,,,
TOFFLEMIRE-MATRIX-RETAINER,,https://ucarecdn.com/03e35c3a-5b8b-4f3f-94c0-9ca33cdeefb7/,Tofflemire Matrix Retainer ,"Retainers, Bands, & Wedges ",,,,,,,,,,,,,,,,,,
336-5921,$33.00,https://ucarecdn.com/03e35c3a-5b8b-4f3f-94c0-9ca33cdeefb7/,Original Tofflemire II Retainers ,"Retainers, Bands, & Wedges ",Parent ,TOFFLEMIRE-MATRIX-RETAINER,Size ,Universal ,Count ,1/Pkg ,,,,,,,,,,,,
,,,,,,,,,,,,,,,,,,,,,,
TOFFLEMIRE-MATRIX-BANDS,,https://ucarecdn.com/4e4ca9b4-8bce-4698-8629-0f159ed187d9/,Tofflemire Matrix Bands ,"Retainers, Bands, & Wedges ",parent-variable,,,,,,,,,,,,,,,,,
088-6614,$2.63,https://ucarecdn.com/4e4ca9b4-8bce-4698-8629-0f159ed187d9/,Tofflemire Matrix Bands ,"Retainers, Bands, & Wedges ",Child ,TOFFLEMIRE-MATRIX-BANDS,Size ,1,Count ,12/Pkg,Guage ,0.0015,Brand ,Patterson ,,,,,,,,
088-6655,$2.63,https://ucarecdn.com/4e4ca9b4-8bce-4698-8629-0f159ed187d9/,Tofflemire Matrix Bands ,"Retainers, Bands, & Wedges ",Child ,TOFFLEMIRE-MATRIX-BANDS,Size ,1,Count ,12/Pkg,Guage ,0.002,Brand ,Patterson ,,,,,,,,
,,,,,,,,,,,,,,,,,,,,,,
METAL-MATRIX-BANDS,,https://ucarecdn.com/5ce0ff76-efd9-4a96-89ba-53516751fc0a/,Metal Matrix Bands ,"Retainers, Bands, & Wedges ",parent-variable,,,,,,,,,,,,,,,,,
549-3077,$59.25,https://ucarecdn.com/5ce0ff76-efd9-4a96-89ba-53516751fc0a/,Palodent Plus Sectional Matrix System,"Retainers, Bands, & Wedges ",Child ,METAL-MATRIX-BANDS,Size ,5.5mm,Count ,50/Pkg ,,,,,,,,,,,,
549-3085,$59.49,https://ucarecdn.com/1f818bec-7750-49f9-bdca-683760708836/,Palodent Plus Sectional Matrix System Refill,"Retainers, Bands, & Wedges ",Child ,METAL-MATRIX-BANDS,Size ,6.5mm ,Count ,50/Pkg,,,,,,,,,,,,
,,,,,,,,,,,,,,,,,,,,,,
MATRIX-WEDGES-MISC,,https://ucarecdn.com/21cd4e82-e14e-4eb3-9c9d-d1a84f01c25b/,Matrix & Wedges Misc ,"Retainers, Bands, & Wedges ",parent-variable,,,,,,,,,,,,,,,,,
549-3358,$65.61,https://ucarecdn.com/21cd4e82-e14e-4eb3-9c9d-d1a84f01c25b/,Palodent Plus Forceps ,"Retainers, Bands, & Wedges ",Child ,MATRIX-WEDGES-MISC,Size ,Universal ,Count ,1/Pkg ,,,,,,,,,,,,
549-3143,$228.13,https://ucarecdn.com/8af3c199-183c-4783-9f90-ed1370215617/,Palodent Plus Sectional Matrix System - Ring Refills ,"Retainers, Bands, & Wedges ",Child ,MATRIX-WEDGES-MISC,Size ,Universal,Count ,2/Pkg ,,,,,,,,,,,,
,,,,,,,,,,,,,,,,,,,,,,
WEDGES,,https://ucarecdn.com/7a1526e0-5510-42cc-b881-881900c7d1dc/,Wedges ,"Retainers, Bands, & Wedges ",parent-variable,,,,,,,,,,,,,,,,,
549-3226,$48.67,https://ucarecdn.com/7a1526e0-5510-42cc-b881-881900c7d1dc/,Palodent Plus Wedge Refill ,"Retainers, Bands, & Wedges ",Child ,WEDGES,Size ,Medium ,Count ,100/Pkg ,,,,,,,,,,,,
341-9553,$14.44,https://ucarecdn.com/ef96ac4f-c925-4a50-b584-b9be32df4c7e/,Wizard Wedges ,"Retainers, Bands, & Wedges ",Child ,WEDGES,Size ,Assorted ,Count ,100/Pkg ,,,,,,,,,,,,
,,,,,,,,,,,,,,,,,,,,,,
DISPENSING-TIPS,,https://ucarecdn.com/f45828f7-2739-4e5f-9dd0-f8a8d31fc6d3/,Dispensing Tips ,Dispensing Tips & Applicator Brushes,parent-variable,,,,,,,,,,,,,,,,,
085-1048,$6.37,https://ucarecdn.com/f45828f7-2739-4e5f-9dd0-f8a8d31fc6d3/,Patterson Prebent Applicator/Dispensing Tips ,Dispensing Tips & Applicator Brushes,Child ,DISPENSING-TIPS,Size ,25 Guage ,Count ,20/Pkg,Color ,Blue ,Tip Shape ,Bent ,,,,,,,,
101-5346,$39.18,https://ucarecdn.com/e2e2e57d-21b9-42be-8357-a159dee08173/,Exacta-Flo Brush Tips ,Dispensing Tips & Applicator Brushes,Child ,DISPENSING-TIPS,Size ,Regular ,Count ,100/Pkg ,Color ,Black ,,,,,,,,,,
,,,,,,,,,,,,,,,,,,,,,,
INJECTABLE-ANESTHETIC,,https://ucarecdn.com/522c3ef8-8097-45ec-978f-225d61c454db/,Injectable Anesthetic ,Topica/Injectable Anesthetics & Needles,parent-variable,,,,,,,,,,,,,,,,,
085-3978,$32.44,https://ucarecdn.com/522c3ef8-8097-45ec-978f-225d61c454db/,"Patterson Lidocaine Anesthetic HCI 2% w/ Epinephrine 1:100,000",Topica/Injectable Anesthetics & Needles,Child,INJECTABLE-ANESTHETIC,Cartridge Size,1.7ml ,Count ,50/Pkg ,Consentration ,"1:100,000",,,,,,,,,,
095-2812,$60.00,https://ucarecdn.com/c88ff851-6e02-4ccd-accb-3b9102f2a1fc/,"Cook-Waite Carbocaine 2% w/ Neo-Cobefrin 1:20,000",Topica/Injectable Anesthetics & Needles,Child ,INJECTABLE-ANESTHETIC,Cartridge Size ,1.7ml ,Count ,50/Pkg ,Consentration ,"1:20,000 ",,,,,,,,,,
095-2788,$37.64,https://ucarecdn.com/906d8673-69d7-4cc5-b769-8cb6d311fe83/,"Cook-Waite Lidocaine HCI 2% w/ Epinephrine 1:100,000",Topica/Injectable Anesthetics & Needles,Child ,INJECTABLE-ANESTHETIC,Cartridge Size ,1.7ml ,Count ,50/Pkg,Consentration ,"1:100,000",,,,,,,,,,
631-4389,$58.13,https://ucarecdn.com/449c1bcb-7235-4692-be08-deea0b359ff8/,Septocaine 4% Articaine HCI w/ Epinephrine,Topica/Injectable Anesthetics & Needles,Child ,INJECTABLE-ANESTHETIC,Cartridge Size ,1.7ml,Count ,50/Pkg,Consentration ,"1:100,000",,,,,,,,,,
,,,,,,,,,,,,,,,,,,,,,,
TOPICAL-ANESTHETIC-GEL,,https://ucarecdn.com/4ee4bbb1-28cc-4d7f-9400-fb466093850d/,Topical Anesthetic Gel,Topica/Injectable Anesthetics & Needles,parent-variable,,,,,,,,,,,,,,,,,
666-5350,$43.95,https://ucarecdn.com/4ee4bbb1-28cc-4d7f-9400-fb466093850d/,Topex Topical Anesthetic - Gel,Topica/Injectable Anesthetics & Needles,Child,TOPICAL-ANESTHETIC-GEL,Size ,1oz,Count ,1/Pkg ,Flavor ,Strawberry ,,,,,,,,,,
666-5517,$34.84,https://ucarecdn.com/4cf495d6-b221-4c0b-818f-be025e90aaa6/,Topex Topical Anesthetic - Gel,Topica/Injectable Anesthetics & Needles,Child,TOPICAL-ANESTHETIC-GEL,Size ,100g ,Count ,1/Pkg,Flavor ,Cherry ,,,,,,,,,,
585-5515,$7.99,https://ucarecdn.com/d32c4110-a940-4c0e-a208-e85a06e569dd/,Topicale Xtra Oral Anesthetic Gels ,Topica/Injectable Anesthetics & Needles,Child ,TOPICAL-ANESTHETIC-GEL,Size ,1oz ,Count ,1/Pkg,Flavor ,Very Berry Cherry ,,,,,,,,,,
,,,,,,,,,,,,,,,,,,,,,,
BARRIER-PROTECTION,,https://ucarecdn.com/9363bd0f-d51a-4e8e-8f03-b322949f24a8/,Barrier Protection,Barrier Protection,parent-variable,,,,,,,,,,,,,,,,,
257-6429,$20.50,https://ucarecdn.com/9363bd0f-d51a-4e8e-8f03-b322949f24a8/,Allrap Barrier Film ,Barrier Protection,Child,BARRIER-PROTECTION,Size ,"4"" W x 6"" L",Count ,1200/Roll,Color ,Clear ,,,,,,,,,,
568-3818,$17.00,https://ucarecdn.com/537172ce-6678-4530-be68-b220249dd559/,Syringe Sleeve w/ Opening ,Barrier Protection,Child ,BARRIER-PROTECTION,Size ,"2-1/2"" W x 10"" L",Count ,500/Pkg ,Color ,Clear ,,,,,,,,,,
085-0545,$20.56,https://ucarecdn.com/93310cf4-d0c4-49d7-978a-ac4799068b83/,Patterson Light Handle Cover for T-Style Handle,Barrier Protection,Child,BARRIER-PROTECTION,Size ,"4"" x 5-3/4""",Count ,500/Pkg Color ,Color ,Clear ,,,,,,,,,,
699-0253,$37.74,https://ucarecdn.com/6dfcf148-c934-4371-b8b2-1a10152e2961/,Everyday Headrest Cover - Poly ,Barrier Protection,Child ,BARRIER-PROTECTION,Size ,"10"" x 13"" ",Count ,500/Pkg,Color ,Clear ,,,,,,,,,,
568-3214,$40.28,https://ucarecdn.com/68189fd8-9a86-4277-b9e0-f68bdef9034b/,Hand Piece Sleeve ,Barrier Protection,Child ,BARRIER-PROTECTION,Size ,"2"" W x 10"" L ",Count ,500/Pkg,Color ,Clear ,,,,,,,,,,
234-8803,$140.24,https://ucarecdn.com/80ad3e75-d2af-42b6-9dba-791d955305f8/,Liquid Proof Bracket Tray Covers ,Barrier Protection,Child ,BARRIER-PROTECTION,Size ,"8-1/2"" x 12-1/4"" ",Count ,2000/Pkg,Color ,White ,,,,,,,,,,
,,,,,,,,,,,,,,,,,,,,,,
CHLORHEXIDINE-GLUCONATE,,https://ucarecdn.com/a9813288-bf10-4e5f-93a7-f709648f5c7b/,Chlorhexidine Gluconate,Preventative & Oral Hygiene Products ,,,,,,,,,,,,,,,,,,
504-6214,$9.65,https://ucarecdn.com/a9813288-bf10-4e5f-93a7-f709648f5c7b/,Peridex Chlorhexidine Gluconate 0.12% Oral Rinse ,Preventative & Oral Hygiene Products ,Parent,CHLORHEXIDINE-GLUCONATE,Size ,16oz ,Count ,1/Pkg,Flavor ,Mint ,Flavor Family ,Mint ,,,,,,,,
,,,,,,,,,,,,,,,,,,,,,,
MOUTHWASH-AND-RINSES,,https://ucarecdn.com/ae1f999c-707a-490e-9f41-f0a35fc05d90/,Mouthwash and Rinses,Preventative & Oral Hygiene Products ,parent-variable,,,,,,,,,,,,,,,,,
709-5235,$17.25,https://ucarecdn.com/ae1f999c-707a-490e-9f41-f0a35fc05d90/,Listerine Zero Mouthwash ,Preventative & Oral Hygiene Products ,Child ,MOUTHWASH-AND-RINSES,Size ,3.2oz ,Count ,24/Pkg,Flavor ,Mint ,Flavor Family ,Mint ,,,,,,,,
709-5326,$22.99,https://ucarecdn.com/17ccd5e2-7ab1-486b-bca2-5eb6c691968b/,Listerine Zero Mouthwash ,Preventative & Oral Hygiene Products ,Child ,MOUTHWASH-AND-RINSES,Size ,1.5L,Count ,6/Pkg ,Flavor ,Mint ,Flavor Family ,Mint ,,,,,,,,
709-4972,$52.01,https://ucarecdn.com/7ae02c07-7795-456c-afb7-6ae9fd33b972/,Listerine Antiseptic Mouthwash,Preventative & Oral Hygiene Products ,Child ,MOUTHWASH-AND-RINSES,Size ,1 Gal,Count ,2/pkg ,Flavor ,Mint ,Flavor Family ,Mint ,,,,,,,,
,,,,,,,,,,,,,,,,,,,,,,
K-FILES,,https://ucarecdn.com/7803a714-f17d-4010-a3eb-d1334edef693/,K-Files ,Endodontics ,parent-variable,,,,,,,,,,,,,,,,,
424-0560,$11.69,https://ucarecdn.com/7803a714-f17d-4010-a3eb-d1334edef693/,K-Files - 21mm Stainless Steel,Endodontics ,Child ,K-FILES,Size ,35,Length ,21mm ,Color ,Green ,Count ,6/Pkg,Brand ,Kerr Endodontics ,,,,,,
424-0537,$11.69,https://ucarecdn.com/80a15a18-a647-4075-b01d-aabb4f5b9c59/,K-Files - 21mm Stainless Steel,Endodontics ,Child ,K-FILES,Size ,30,Length ,21mm,Color ,Blue ,Count ,6/Pkg,Brand,Kerr Endodontics,,,,,,
424-0503,$11.69,https://ucarecdn.com/d5256798-53d0-468e-bcb5-250c335d9ae4/,K-Files - 21mm Stainless Steel,Endodontics ,Child ,K-FILES,Size ,25,Length ,21mm ,Color ,Red ,Count ,6/Pkg,Brand ,Kerr Endodontics ,,,,,,
424-0479,$11.69,https://ucarecdn.com/768d5d68-400d-4cd9-ab66-2d06757b777d/,K-Files - 21mm Stainless Steel,Endodontics ,Child ,K-FILES,Size ,20,Length ,21mm ,Color ,Yellow ,Count ,6/Pkg ,Brand ,Kerr Endodontics,,,,,,
424-0446,$11.69,https://ucarecdn.com/063f59c8-b82a-47c5-8803-8b5e54374ebe/,K-Files - 21mm Stainless Steel,Endodontics ,Child ,K-FILES,Size ,15,Length ,21mm ,Color ,White ,Count ,6/Pkg ,Brand ,Kerr Endodontics ,,,,,,
424-0412,$11.69,https://ucarecdn.com/153e3593-242e-4a7c-9f0e-b3179a9415d8/,K-Files - 21mm Stainless Steel,Endodontics ,Child ,K-FILES,Size ,10,Length ,21mm,Color ,Purple,Count ,6/Pkg,Brand,Kerr Endodontics ,,,,,,
424-0743,$11.69,https://ucarecdn.com/08e6286b-4f12-44ec-bed4-313049f276cf/,K-Files - 25mm Stainless Steel,Endodontics ,Child ,K-FILES,Size ,10,Length ,25mm ,Color ,Purple ,Count ,6/Pkg ,Brand,Kerr Endodontics ,,,,,,
424-0776,$11.69,https://ucarecdn.com/abbc4301-1859-4c46-a382-0c8010d4096f/,K-Files - 25mm Stainless Steel,Endodontics ,Child ,K-FILES,Size ,15,Length ,25mm ,Color ,White ,Count ,6/Pkg,Brand ,Kerr Endodontics ,,,,,,
424-0800,$11.69,https://ucarecdn.com/8797a583-602a-470c-9b20-b101abf86cac/,K-Files - 25mm Stainless Steel,Endodontics ,Child ,K-FILES,Size ,20,Length ,25mm ,Color ,Yellow ,Count ,6/Pkg,Brand,Kerr Endodontics ,,,,,,
424-0834,$11.69,https://ucarecdn.com/eb6ee48b-698a-4dc1-bc87-fdf6dbc00171/,K-Files - 25mm Stainless Steel,Endodontics ,Child ,K-FILES,Size ,25,Length ,25mm,Color ,Red ,Count ,6/Pkg ,Brand,Kerr Endodontics ,,,,,,
,,,,,,,,,,,,,,,,,,,,,,
ENDODONTIC-DRILLS,,https://ucarecdn.com/eb77b9ef-3a0f-44dd-af57-cb8d85ae9c00/,Endodontic Drills ,Endodontics ,parent-variable,,,,,,,,,,,,,,,,,
087-6326,$16.40,https://ucarecdn.com/eb77b9ef-3a0f-44dd-af57-cb8d85ae9c00/,Patterson Peeso Endodontic Drills ,Endodontics ,Child ,ENDODONTIC-DRILLS,Size ,2 (012),Length ,32mm ,Count ,6/Pkg,,,,,,,,,,
087-6334,$16.40,https://ucarecdn.com/4fe45e92-0432-4b82-b752-ad59283e13f4/,Patterson Peeso Endodontic Drills ,Endodontics ,Child ,ENDODONTIC-DRILLS,Size ,3 (013) ,Length ,32mm,Count ,6/Pkg ,,,,,,,,,,
087-6458,$17.67,https://ucarecdn.com/12bfc363-8fec-431c-b7a7-f3c51f16f5d3/,Patterson Peeso Endodontic Drills ,Endodontics ,Child ,ENDODONTIC-DRILLS,Size ,2,Length ,32mm ,Count ,6/Pkg ,,,,,,,,,,
,,,,,,,,,,,,,,,,,,,,,,
GUTTA-PERCHA-POINTS,,https://ucarecdn.com/4ec5ab5b-a4cb-4e1d-81a1-a0846044508a/,Gutta Percha Points ,Endodontics ,,,,,,,,,,,,,,,,,,
280-3856,$9.05,https://ucarecdn.com/4ec5ab5b-a4cb-4e1d-81a1-a0846044508a/,Gutta Percha Points ,Endodontics ,Parent ,GUTTA-PERCHA-POINTS,Size ,45-80,Count ,120/Pkg ,Brand ,Diadent Manufacturing Inc ,,,,,,,,,,
,,,,,,,,,,,,,,,,,,,,,,
ROOT-CANAL-CONDITIONER,,https://ucarecdn.com/c6c14c31-a346-4c34-811a-ccd7dc2f081d/,Root Canal Conditioner ,Endodontics ,,,,,,,,,,,,,,,,,,
137-1017,$30.25,https://ucarecdn.com/c6c14c31-a346-4c34-811a-ccd7dc2f081d/,Glyde File Prep Root Canal Conditioner,Endodontics ,Parent,ROOT-CANAL-CONDITIONER,Size ,3ml ,Count ,5/Pkg,Brand ,Glyde ,,,,,,,,,,
,,,,,,,,,,,,,,,,,,,,,,
RUBBER-DAM-CLAMPS,,https://ucarecdn.com/20e9655a-9816-42ed-8167-70a1a21392a6/,Rubber Dam Clamps ,Endodontics ,,,,,,,,,,,,,,,,,,
089-2737,$11.47,https://ucarecdn.com/20e9655a-9816-42ed-8167-70a1a21392a6/,Rubber Dam Clamps - Bicuspids ,Endodontics ,Parent,RUBBER-DAM-CLAMPS,Size ,14,Count ,1/Pkg ,Style ,Winged ,Tooth ,Molar ,,,,,,,,
,,,,,,,,,,,,,,,,,,,,,,
RUBBER-DAM-FRAMES,,https://ucarecdn.com/8bb671d9-c44f-4003-8de2-53dd6dfbf15a/,Rubber Dam Frames,Endodontics ,,,,,,,,,,,,,,,,,,
047-6556,$35.18,https://ucarecdn.com/8bb671d9-c44f-4003-8de2-53dd6dfbf15a/,Rubber Dam Frames,Endodontics ,Parent ,RUBBER-DAM-FRAMES,Size ,Standard ,Count ,1/Pkg,,,,,,,,,,,,
,,,,,,,,,,,,,,,,,,,,,,
RUBBER-DAM,,https://ucarecdn.com/8158d9f8-dbe2-449d-9d46-3417a423cbbc/,Rubber Dam,Endodontics ,,,,,,,,,,,,,,,,,,
377-1516,$24.05,https://ucarecdn.com/8158d9f8-dbe2-449d-9d46-3417a423cbbc/,Hygenic Fiesta Rubber Dam ,Endodontics ,Parent,RUBBER-DAM,Size ,"6"" x 6"", Medium ",Count ,36/Pkg,Color ,Multi,,,,,,,,,,
,,,,,,,,,,,,,,,,,,,,,,
ENDORING-FOAM-INSERTS,,https://ucarecdn.com/8858de84-245d-415d-b299-8b259257d63f/,Endoring Foam Inserts ,Endodontics ,,,,,,,,,,,,,,,,,,
409-8125,$30.00,https://ucarecdn.com/8858de84-245d-415d-b299-8b259257d63f/,Endoring Foam Inserts ,Endodontics ,Parent ,ENDORING-FOAM-INSERTS,Color,Yellow ,Count ,48/Pkg ,,,,,,,,,,,,
,,,,,,,,,,,,,,,,,,,,,,
APEX-LOCATOR,,https://ucarecdn.com/76103c39-37ce-4139-8d48-921e4ba98f7b/,Apex Locator,Endodontics ,,,,,,,,,,,,,,,,,,
521-7757,$62.89,https://ucarecdn.com/76103c39-37ce-4139-8d48-921e4ba98f7b/,Root ZX II Apex Locator ,Endodontics ,Parent ,APEX-LOCATOR,Color ,Silver ,Count ,5/Pkg ,,,,,,,,,,,,
,,,,,,,,,,,,,,,,,,,,,,
TEMPORARY-FILLING-MATERIAL,,https://ucarecdn.com/d42de5b0-2d28-4a47-b6d1-6e5c0f739a18/,Temporary Filling Material ,Endodontics ,,,,,,,,,,,,,,,,,,
575-0625,$36.71,https://ucarecdn.com/d42de5b0-2d28-4a47-b6d1-6e5c0f739a18/,Cavit Original Temporary Filling Material ,Endodontics ,Parent ,TEMPORARY-FILLING-MATERIAL,Size ,28g,Count ,1/Pkg,,,,,,,,,,,,
,,,,,,,,,,,,,,,,,,,,,,
DISPENSING-&-IRRIGATION-SYRINGES,,https://ucarecdn.com/863ec2fe-3faf-4a5a-bad2-1f52e2b8b2fa/,Dispensing & Irrigation Syringes,Endodontics ,,,,,,,,,,,,,,,,,,
089-3628,$81.76,https://ucarecdn.com/863ec2fe-3faf-4a5a-bad2-1f52e2b8b2fa/,Endodontic Syringe w/ Irrigation Needle ,Endodontics ,Parent,DISPENSING-&-IRRIGATION-SYRINGES,Syringe Size ,3cc,Needle Guage,27,Color ,Yellow ,Count ,100/Pkg ,Brand ,Patterson,,,,,,
,,,,,,,,,,,,,,,,,,,,,,
,,,,,,,,,,,,,,,,,,,,,,
DISPOSABLE-PLASTIC-HUB-NEEDLES,,https://ucarecdn.com/560efdcf-7895-4e31-9ac3-1236b81f7958/,Disposable Plastic Hub Needles,Topica/Injectable Anesthetics & Needles,parent-variable,,,,,,,,,,,,,,,,,
632-4156,$10.50,https://ucarecdn.com/560efdcf-7895-4e31-9ac3-1236b81f7958/,Monoject 400 Plastic Hub Needles,Topica/Injectable Anesthetics & Needles,Child ,DISPOSABLE-PLASTIC-HUB-NEEDLES,Guage,30,Size ,"Short, 21mm",Color ,Blue ,Count ,100/Pkg,,,,,,,,
632-4123,$12.57,https://ucarecdn.com/d7c93603-6a16-4fcd-ae7a-ed3d14f51f68/,Monoject 400 Plastic Hub Needles,Topica/Injectable Anesthetics & Needles,Child ,DISPOSABLE-PLASTIC-HUB-NEEDLES,Guage,27,Size ,"Long,32mm ",Color ,Yellow,Count ,100/Pkg ,,,,,,,,
,,,,,,,,,,,,,,,,,,,,,,
BIOHAZARD-WASTE-&-SHARPS-CONTAINERS,,https://ucarecdn.com/951a6ec8-c3b9-4cc4-bfd7-ec20cc8e4a56/,Biohazard Waste & Sharps Containers,Biohazard Supplies ,,,,,,,,,,,,,,,,,,
632-1061,$6.79,https://ucarecdn.com/951a6ec8-c3b9-4cc4-bfd7-ec20cc8e4a56/,Monoject Sharps-A-Gator Sharps Container,Biohazard Supplies ,Parent,BIOHAZARD-WASTE-&-SHARPS-CONTAINERS,Size ,"Medium, 8 Quart ",Lid Type ,Chimney Top,Lid Color ,Clear ,Container Color ,Red ,Count,1/Pkg,,,,,,
,,,,,,,,,,,,,,,,,,,,,,
IBUPROFEN-TABLET,,https://ucarecdn.com/3c9ae006-cfb9-4806-b5bf-dd8ea9350d87/,Ibuprofen Tablet,Dispensable Medications ,,,,,,,,,,,,,,,,,,
048-0285,$10.70,https://ucarecdn.com/3c9ae006-cfb9-4806-b5bf-dd8ea9350d87/,Ibuprofen Tablet,Dispensable Medications ,Parent ,IBUPROFEN-TABLET,Strength ,600mg ,Count ,100/Pkg ,Shape ,Tablet ,,,,,,,,,,
,,,,,,,,,,,,,,,,,,,,,,
AMOXICILLIN,,https://ucarecdn.com/23e1a3f7-9a50-44ec-ae8c-5b2831f98186/,Amoxicillin ,Dispensable Medications,,,,,,,,,,,,,,,,,,
106-0201,$34.25,https://ucarecdn.com/23e1a3f7-9a50-44ec-ae8c-5b2831f98186/,Amoxicillin ,Dispensable Medications,Parent ,AMOXICILLIN,Strength ,500mg,Count ,100/Pkg ,Shape ,Capsule ,,,,,,,,,,
,,,,,,,,,,,,,,,,,,,,,,
RESIN-CEMENTS,,https://ucarecdn.com/d57da6ca-aef0-4795-bd89-eaf0ef77c84f/,Resin Cements ,Pemanent & Temporary Cements & Desensitizers,parent-variable,,,,,,,,,,,,,,,,,
104-7364,$198.04,https://ucarecdn.com/d57da6ca-aef0-4795-bd89-eaf0ef77c84f/,Meron Plus QM Resin Reinforced Gloss Ionomer Cement ,Pemanent & Temporary Cements & Desensitizers,Child ,RESIN-CEMENTS,Size ,8.5g ,Count ,3/Pkg ,Brand ,Voco ,,,,,,,,,,
503-4459,$172.30,https://ucarecdn.com/041bca19-7ec0-4e49-a9f1-a4f1691f34ea/,RelyX Ultimate Adhesive Resin Cement Syringe Refill,Pemanent & Temporary Cements & Desensitizers,Child ,RESIN-CEMENTS,Size ,8.5g ,Count ,1/Pkg,Brand,3M,Shade ,A3 Opaque ,,,,,,,,
503-4467,$172.30,https://ucarecdn.com/caecd8a0-36b2-4b33-b3a4-4d52dd70e2f9/,RelyX Ultimate Adhesive Resin Cement Syringe Refill,Pemanent & Temporary Cements & Desensitizers,Child ,RESIN-CEMENTS,Size ,8.5g ,Count ,1/Pkg,Brand,3M ,Shade ,A1,,,,,,,,
503-4442,$172.30,https://ucarecdn.com/b1ad221f-b6a9-48f1-928f-557c87824fa7/,RelyX Ultimate Adhesive Resin Cement Syringe Refill,Pemanent & Temporary Cements & Desensitizers,Child ,RESIN-CEMENTS,Size ,8.5g ,Count ,1/Pkg ,Brand ,3M ,Shade ,B0.5 Bleach ,,,,,,,,
503-4475,$172.30,https://ucarecdn.com/172584fc-ef8a-4023-86c3-9bda3be174ec/,RelyX Ultimate Adhesive Resin Cement Syringe Refill,Pemanent & Temporary Cements & Desensitizers,Child ,RESIN-CEMENTS,Size ,8.5g ,Count ,1/Pkg ,Brand ,3M ,Shade ,Translucent ,,,,,,,,
126-7251,$200.34,https://ucarecdn.com/d7676502-a289-4e4f-953f-c10b9dab866e/,RelyX Universal Resin Cement Refill ,Pemanent & Temporary Cements & Desensitizers,Child ,RESIN-CEMENTS,Size ,3.4g ,Count ,1/Pkg ,Brand ,3M ,Shade ,Translucent ,,,,,,,,
,,,,,,,,,,,,,,,,,,,,,,
DESENSITIZERS,,https://ucarecdn.com/75734c93-489e-4147-ab41-ae3f4361f333/,Desensitizers ,Pemanent & Temporary Cements & Desensitizers,,,,,,,,,,,,,,,,,,
215-7501,$130.75,https://ucarecdn.com/75734c93-489e-4147-ab41-ae3f4361f333/,Gluma Desensitizer - Refill ,Pemanent & Temporary Cements & Desensitizers,Parent,DESENSITIZERS,Size ,5ml ,Count ,1/Pkg ,,,,,,,,,,,,
,,,,,,,,,,,,,,,,,,,,,,
TEMPORARY-CROWN-BRIDGE-MATERIAL,,https://ucarecdn.com/137969ae-fa63-4387-842a-c2d33226601e/,Temporary Crown & Bridge Material ,Temporary Crown & Bridge Material ,parent-variable,,,,,,,,,,,,,,,,,
706-2185,$37.45,https://ucarecdn.com/137969ae-fa63-4387-842a-c2d33226601e/,Structur 3 Temporary Crown & Bridge Material ,Temporary Crown & Bridge Material ,Child ,TEMPORARY-CROWN-BRIDGE-MATERIAL,Size ,5ml ,Count ,1/Pkg,Brand,Voco ,Shade ,A3 ,,,,,,,,
706-2177,$37.45,https://ucarecdn.com/266cd0ea-aea6-4acf-9260-c56c6ae16dd0/,Structur 3 Temporary Crown & Bridge Material ,Temporary Crown & Bridge Material ,Child ,TEMPORARY-CROWN-BRIDGE-MATERIAL,Size ,5ml,Count ,1/Pkg ,Brand,Voco ,Shade ,A2,,,,,,,,
706-2169,$37.45,https://ucarecdn.com/266cd0ea-aea6-4acf-9260-c56c6ae16dd0/,Structur 3 Temporary Crown & Bridge Material ,Temporary Crown & Bridge Material ,Child ,TEMPORARY-CROWN-BRIDGE-MATERIAL,Size ,5ml,Count ,1/Pkg,Brand ,Voco ,Shade ,A1,,,,,,,,
706-2193,$37.45,https://ucarecdn.com/266cd0ea-aea6-4acf-9260-c56c6ae16dd0/,Structur 3 Temporary Crown & Bridge Material ,Temporary Crown & Bridge Material ,Child ,TEMPORARY-CROWN-BRIDGE-MATERIAL,Size ,5ml,Count ,1/Pkg ,Brand,Voco ,Shade ,B1,,,,,,,,
582-5567,$198.25,https://ucarecdn.com/7a005e63-81b3-419e-b666-e88f23bef8cf/,Protemp Plus Temporary Crown & Bridge Material Refill,Temporary Crown & Bridge Material ,Child ,TEMPORARY-CROWN-BRIDGE-MATERIAL,Size ,5ml ,Count ,1/Pkg,Brand,3M ,Shade ,A3 ,,,,,,,,
582-5534,$198.25,https://ucarecdn.com/032e2837-cd65-46fa-819e-ee38a3435b3a/,Protemp Plus Temporary Crown & Bridge Material Refill,Temporary Crown & Bridge Material ,Child ,TEMPORARY-CROWN-BRIDGE-MATERIAL,Size ,5ml ,Count ,1/Pkg ,Brand ,3M,Shade ,Bleach,,,,,,,,
582-5559,$204.43,https://ucarecdn.com/e5510f23-f4f1-4bea-ad04-1b68132337b6/,Protemp Plus Temporary Crown & Bridge Material Refill,Temporary Crown & Bridge Material ,Child ,TEMPORARY-CROWN-BRIDGE-MATERIAL,Size ,5ml,Count ,1/Pkg,Brand,3M,Shade ,A2,,,,,,,,
,,,,,,,,,,,,,,,,,,,,,,
TEMPORARY-CROWN-CEMENT,,https://ucarecdn.com/58b152b5-195c-4729-be1c-1411bee189f7/,Temporary Crown Cement,Pemanent & Temporary Cements & Desensitizers,parent-variable,,,,,,,,,,,,,,,,,
326-3571,$46.50,https://ucarecdn.com/58b152b5-195c-4729-be1c-1411bee189f7/,GC TEMP Advantage Temporary Cement Refill ,Pemanent & Temporary Cements & Desensitizers,Child ,TEMPORARY-CROWN-CEMENT,Size ,7.5g ,Count ,1/Pkg ,Color ,White ,,,,,,,,,,
089-0384,$29.06,https://ucarecdn.com/7a92e20c-3969-4734-8826-6cca81a7d71f/,Patterson Temp Cement - Noneugenol,Pemanent & Temporary Cements & Desensitizers,Child ,TEMPORARY-CROWN-CEMENT,Size ,15g ,Count ,1/Pkg ,Color ,White ,,,,,,,,,,
438-3717,$78.79,https://ucarecdn.com/ec00e609-c768-403c-93f5-cfcaffbaa23b/,TempBond Clear w/ Triclosan ,Pemanent & Temporary Cements & Desensitizers,Child ,TEMPORARY-CROWN-CEMENT,Size ,6g ,Count ,1/Pkg ,Color ,Clear ,,,,,,,,,,
,,,,,,,,,,,,,,,,,,,,,,
MIXING-TIPS,,https://ucarecdn.com/bc4a706b-58cc-4deb-8759-bc6ea3d72d26/,Mixing Tips ,Pemanent & Temporary Cements & Desensitizers,parent-variable,,,,,,,,,,,,,,,,,
709-3925,$58.97,https://ucarecdn.com/bc4a706b-58cc-4deb-8759-bc6ea3d72d26/,Mixing Tips ,Pemanent & Temporary Cements & Desensitizers,Child ,MIXING-TIPS,Tip Size ,n/a,Count ,50/Pkg,Color,Brown,Series,9,,,,,,,,
721-8175,$50.14,https://ucarecdn.com/bcf154a2-931c-44fd-96d0-31f5be95117c/,ParaCore  Automix Syringe Mixing Tips ,Pemanent & Temporary Cements & Desensitizers,Child ,MIXING-TIPS,Tip Size ,"1mm, Small",Count ,40/Pkg ,Color ,Brown,Series,n/a,,,,,,,,
721-8167,$50.74,https://ucarecdn.com/8fe51760-ecd6-43a1-bd1f-ab78a92b2bd1/,ParaCore  Automix Syringe Mixing Tips ,Pemanent & Temporary Cements & Desensitizers,Child ,MIXING-TIPS,Tip Size ,"1.8mm, Small ",Count ,40/Pkg ,Color ,Brown ,Series,n/a,,,,,,,,
576-1176,$62.21,https://ucarecdn.com/f29cc113-4019-4203-9f87-7658e7b5bd89/,Protemp Plus Garant Mixing Tips ,Temporary Crown & Bridge Material ,Child ,MIXING-TIPS,Tip Size ,n/a,Count ,50/pkg,Color,Blue ,Series,n/a,,,,,,,,
,,,,,,,,,,,,,,,,,,,,,,
AUTOCLAVE-POUCHES-BAGS,,https://ucarecdn.com/a4a140c2-56a8-4111-87ef-5d4756d95798/,Autoclave Pouches & Bags ,Autoclave Supplies ,parent-variable,,,,,,,,,,,,,,,,,
084-2583,$17.42,https://ucarecdn.com/a4a140c2-56a8-4111-87ef-5d4756d95798/,Patterson Pouch Plus Sterilization Pouches ,Autoclave Supplies ,Child ,AUTOCLAVE-POUCHES-BAGS,Size ,"5-1/4"" x 10""",Count ,200/Pkg,Process Indicator Type ,External & Internal ,,,,,,,,,,
084-2609,$27.36,https://ucarecdn.com/25c1ed91-ed5a-474e-8b7b-1964d9ac49fe/,Patterson Pouch Plus Sterilization Pouches ,Autoclave Supplies ,Child ,AUTOCLAVE-POUCHES-BAGS,Size ,"3-1/2"" x 9""",Count ,500/Pkg,Process Indicator Type ,External & Internal ,,,,,,,,,,
084-2575,$11.98,https://ucarecdn.com/428330ac-db13-4982-ad6d-1aaea48c3a2b/,Patterson Pouch Plus Sterilization Pouches ,Autoclave Supplies ,Child ,AUTOCLAVE-POUCHES-BAGS,Size ,"3-12"" x 9"" ",Count ,200/Pkg,Process Indicator Type ,External & Internal ,,,,,,,,,,
084-2625,$9.09,https://ucarecdn.com/35ba622a-dae8-4323-8e93-0f4ae95688d0/,Patterson Pouch Plus Sterilization Pouches ,Autoclave Supplies ,Child ,AUTOCLAVE-POUCHES-BAGS,Size ,"2-1/4"" x 4"" ",Count ,200/Pkg,Process Indicator Type ,External & Internal ,,,,,,,,,,
503-4442,$172.30,https://ucarecdn.com/e1ed5889-aa50-468e-b829-b466442b7b9f/,Defend Sterilization Indicator Tape ,Autoclave Supplies ,Child ,AUTOCLAVE-POUCHES-BAGS,Size ,"1/2"" ",Count ,1/Pkg ,Process Indicator Type ,Color-Changing Indicator ,,,,,,,,,,
,,,,,,,,,,,,,,,,,,,,,,
AUTOCLAVE-SUPPLIES,,https://ucarecdn.com/797e32cb-592a-4eb2-9154-32d88f012d7f/,Autoclave Supplies,Autoclave Supplies ,parent-variable,,,,,,,,,,,,,,,,,
487-6389,$149.59,https://ucarecdn.com/797e32cb-592a-4eb2-9154-32d88f012d7f/,Door and Dam Gasket dor M11 UltraClave Automatic Sterilizer,Autoclave Supplies ,Child ,AUTOCLAVE-SUPPLIES,Size ,Standard ,Count ,1/Pkg ,,,,,,,,,,,,
123-7189,$51.08,https://ucarecdn.com/9bb503b5-c38b-432d-a572-290308e563fa/,Biocide G30 Cold Sterilant ,Autoclave Supplies ,Child ,AUTOCLAVE-SUPPLIES,Size ,Standard ,Count ,1/Pkg,,,,,,,,,,,,
,,,,,,,,,,,,,,,,,,,,,,
RETAINER-BOXES,,https://ucarecdn.com/6452db46-87eb-4cc6-a836-3638286639f7/,Retainer Boxes ,Orthodontic Accessories,,,,,,,,,,,,,,,,,,
084-3797,$14.02,https://ucarecdn.com/6452db46-87eb-4cc6-a836-3638286639f7/,Patterson Retainer Boxes ,Orthodontic Accessories,Parent,RETAINER-BOXES,Size ,"2"" W x 3/4"" D x 3"" L ",Count ,12/Pkg ,Color ,Beige ,Color Family ,Brown ,,,,,,,,
,,,,,,,,,,,,,,,,,,,,,,
IMPRESSION-TRAYS,,https://ucarecdn.com/41b8a08f-3f5c-4928-ad4f-4060569f1c17/,Impression Trays ,Impression Trays ,parent-variable,,,,,,,,,,,,,,,,,
144-6509,$9.34,https://ucarecdn.com/41b8a08f-3f5c-4928-ad4f-4060569f1c17/,Braval Perforated Disposable Impression Tray,Impression Trays ,Child ,IMPRESSION-TRAYS,Size ,"#5, Small ",Count ,12/Pkg,Color ,Blue ,Arch ,Upper ,,,,,,,,
144-6517,$9.34,https://ucarecdn.com/adeb7c22-5681-415c-9b51-8442caffbb6a/,Braval Perforated Disposable Impression Tray,Impression Trays ,Child ,IMPRESSION-TRAYS,Size ,"#6, Small ",Count ,12/Pkg ,Color ,Blue ,Arch ,Lower ,,,,,,,,
144-6483,$9.34,https://ucarecdn.com/0371af54-822e-4718-9ba7-be688446e6df/,Braval Perforated Disposable Impression Tray,Impression Trays ,Child ,IMPRESSION-TRAYS,Size ,"#3, Medium ",Count ,12/Pkg ,Color ,Blue ,Arch ,Upper ,,,,,,,,
144-6491,$9.34,https://ucarecdn.com/8b1735f9-2279-4e94-8b5b-993f8510096e/,Braval Perforated Disposable Impression Tray,Impression Trays ,Child ,IMPRESSION-TRAYS,Size ,"#3, Medium ",Count ,12/Pkg ,Color ,Blue ,Arch ,Lower ,,,,,,,,
144-6467,$9.34,https://ucarecdn.com/e21a6aa5-cde6-4137-a809-e9a2862151ec/,Braval Perforated Disposable Impression Tray,Impression Trays ,Child ,IMPRESSION-TRAYS,Size ,"#1, Large ",Count ,12/Pkg ,Color ,Blue ,Arch ,Upper ,,,,,,,,
144-6475,$9.34,https://ucarecdn.com/77bf19cd-3173-42ad-aefc-7875c3d5cb39/,Braval Perforated Disposable Impression Tray,Impression Trays ,Child ,IMPRESSION-TRAYS,Size ,"#2, Large ",Count ,12/Pkg ,Color ,Blue ,Arch ,Lower ,,,,,,,,
585-8451,$51.93,https://ucarecdn.com/578abbce-cf90-4f9d-b30c-43998d8cb353/,Triple Tray Impression Trays ,Impression Trays ,Child ,IMPRESSION-TRAYS,Size ,Standard,Count ,48/Box ,Color ,White ,Quadrant ,Posterior ,,,,,,,,
585-8477,$51.93,https://ucarecdn.com/578abbce-cf90-4f9d-b30c-43998d8cb353/,Triple Tray Impression Trays ,Impression Trays ,Child ,IMPRESSION-TRAYS,Size ,Standard ,Count ,35/Box ,Color ,White ,Quadrant ,Anterior ,,,,,,,,
,,,,,,,,,,,,,,,,,,,,,,
AIR-ELECTRIC-HANDPIECE,,https://ucarecdn.com/add0866b-640d-4bfb-b8b7-76a97d04691c/,Air & Electric Handpiece ,Handpieces ,parent-variable,,,,,,,,,,,,,,,,,
043-3854,$309.49,https://ucarecdn.com/add0866b-640d-4bfb-b8b7-76a97d04691c/,Patterson Lightweight High Speed Air Handpieces ,Handpieces ,Child ,AIR-ELECTRIC-HANDPIECE,Size ,Standard ,Count ,1/pkg ,Material ,Metal ,Autochuck Type ,Push Button ,Speed Type ,High Speed ,,,,,,
083-6254,$321.99,https://ucarecdn.com/343c5090-8368-4714-9077-59d9dcdc5d5c/,Patterson PD-96 RM High Speed Air Handpiece ,Handpieces ,Child ,AIR-ELECTRIC-HANDPIECE,Size ,10.3 (Diameter) ,Count ,1/Pkg ,Material ,Metal ,Autochuck Type ,Push Button ,Speed Type ,High Speed ,,,,,,
040-4046,$168.09,https://ucarecdn.com/9f1a12d7-3bd7-47d6-b556-60256268e079/,Patterson PD-95 Highspeed Air Handpiece,Handpieces ,Child ,AIR-ELECTRIC-HANDPIECE,Size ,12.2 (Diameter),Size ,15 (Length),Material ,Metal,Autochuck Type ,Push Button ,Back End Connection Type ,RM Connect ,Tubing Connection Type ,4 Hole ,Shape ,Contra Angle ,Count ,1/Pkg 
043-2047,$405.99,https://ucarecdn.com/13ea7ffa-892a-49d5-96db-f0f29a48266c/,Patterson Hygiene/Lab Low Speed Air Handpiece,Handpieces ,Child ,AIR-ELECTRIC-HANDPIECE,Size ,2.35mm (Diameter),Count ,1/Pkg ,Material ,Aluminum,Autochuck Type ,Locking ,Back End Connection Type ,Fixed ,Tubing Connection Type ,4 Hole ,Shape ,Straight ,,
,,,,,,,,,,,,,,,,,,,,,,
INSTRUMENT-COLOR-CODE-RINGS,,https://ucarecdn.com/225c18d9-a944-47ea-ae2f-983eaf0fa485/,Instrument Color Code Rings ,Instruments,,,,,,,,,,,,,,,,,,
371-1371,$14.87,https://ucarecdn.com/225c18d9-a944-47ea-ae2f-983eaf0fa485/,IMS Color Code Rings ,Instruments,Parent ,INSTRUMENT-COLOR-CODE-RINGS,Handle Compatability,"2, 4",Count ,50/Pkg ,Material ,Silicone Rubber ,Count ,50/Pkg ,,,,,,,,
,,,,,,,,,,,,,,,,,,,,,,
MOUTH-MIRROR-HANDLES,,https://ucarecdn.com/228deb24-4ce0-4f10-ae6f-0c26eaa7c64f/,Mouth Mirror Handles ,Instruments,,,,,,,,,,,,,,,,,,
040-6371,$5.35,https://ucarecdn.com/228deb24-4ce0-4f10-ae6f-0c26eaa7c64f/,Patterson Mirror Handles ,Instruments,Parent,MOUTH-MIRROR-HANDLES,Size ,Universal ,Count ,1/Pkg,Material ,Stainless Steel ,Connection Type ,Simple Stem ,,,,,,,,
,,,,,,,,,,,,,,,,,,,,,,
EXPLORERS,,https://ucarecdn.com/ea8e2e35-e4b2-4d0c-abae-4288efd0a579/,Explorers ,Instruments,,,,,,,,,,,,,,,,,,
316-7848,$12.83,https://ucarecdn.com/ea8e2e35-e4b2-4d0c-abae-4288efd0a579/,Explorers - #23 Single End ,Instruments,Parent,EXPLORERS,Size ,Universal ,Count ,1/Pkg,Material ,Stainless Steel ,Number of Ends ,Single Ended  ,Design Number ,23,,,,,,
,,,,,,,,,,,,,,,,,,,,,,
COTTON-PLIERS,,https://ucarecdn.com/6c683ee4-b8b2-4c2c-aa6c-0289af77e964/,Cotton Pliers ,Instruments,,,,,,,,,,,,,,,,,,
088-7687,$2.60,https://ucarecdn.com/6c683ee4-b8b2-4c2c-aa6c-0289af77e964/,Patterson Cotton Pliers ,Instruments,Parent ,COTTON-PLIERS,Size ,317 Standard ,Count ,1/Pkg,Material ,Stainless Steel ,Tip Shape ,Curved ,,,,,,,,
,,,,,,,,,,,,,,,,,,,,,,
SCISSORS,,https://ucarecdn.com/2c3738a4-214a-43ab-acc7-899d6321265c/,Scissors ,Instruments,,,,,,,,,,,,,,,,,,
037-3555,$12.98,https://ucarecdn.com/2c3738a4-214a-43ab-acc7-899d6321265c/,Surgical Scissors,Instruments,Parent,SCISSORS,Size ,"4-1/8"" ",Count ,1/Pkg,Material ,Stainless Steel ,Tip Shape ,Point ,Blade Texture ,Smooth ,Scissor Type ,Iris ,,,,
,,,,,,,,,,,,,,,,,,,,,,
NEEDLE-HOLDERS,,https://ucarecdn.com/3a65a681-8334-439b-b06a-7488c16277cd/,Needle Holders ,Instruments,,,,,,,,,,,,,,,,,,
088-7208,$14.53,https://ucarecdn.com/3a65a681-8334-439b-b06a-7488c16277cd/,Needle Holders ,Instruments,Parent,NEEDLE-HOLDERS,SIze ,"6"" ",Count ,1/Pkg ,Material ,Stainless Steel ,Tip Shape ,Straight ,Tip Texture ,Serrated ,Tip Type ,Mayo-Hegar ,,,,
,,,,,,,,,,,,,,,,,,,,,,
INSTRUMENT-MAINTENANCE-ACCESSORIES,,https://ucarecdn.com/f24972b6-1b09-4f40-9b01-2e55cfd76cf9/,Instrument Maintenance & Accessories,Instruments,parent-variable,,,,,,,,,,,,,,,,,
498-1577,$24.39,https://ucarecdn.com/f24972b6-1b09-4f40-9b01-2e55cfd76cf9/,Instrument Cleaning Brush,Instruments,Child ,INSTRUMENT-MAINTENANCE-ACCESSORIES,Size ,"7-1/4"" ",Count ,3/Pkg ,,,,,,,,,,,,
583-5376,$51.59,https://ucarecdn.com/851830fb-3520-4f0e-be0f-f1aa8a40a730/,Removalon-I Dry Pak ,Instruments,Child ,INSTRUMENT-MAINTENANCE-ACCESSORIES,Count ,1/Pkg ,Product Type ,Cleaner,,,,,,,,,,,,
,,,,,,,,,,,,,,,,,,,,,,
RETRACTION-CORD,,https://ucarecdn.com/2c3738a4-214a-43ab-acc7-899d6321265c/,Retraction Cord ,Retraction Materials ,parent-variable,,,,,,,,,,,,,,,,,
037-3555,$12.98,https://ucarecdn.com/2c3738a4-214a-43ab-acc7-899d6321265c/,Knit-Pak - Impregnanted Knitted Retraction Cord ,Retraction Materials ,Child ,RETRACTION-CORD,Size ,0,Count ,1/Pkg,Color ,Brown ,Length ,"80""",,,,,,,,
556-9538,$12.98,https://ucarecdn.com/d90bf086-c38a-47ea-a46b-75c3132ac17f/,Racord Retraction Cord ,Retraction Materials ,Child ,RETRACTION-CORD,Size ,9/1,Count ,1/Pkg,Color ,N/A,Length ,"72""",,,,,,,,
,,,,,,,,,,,,,,,,,,,,,,
RETRACTION-LIQUIDS,,https://ucarecdn.com/3e4dd373-3c5b-4df7-9139-b508697afc5f/,Retraction Liquids,Retraction Materials ,parent-variable,,,,,,,,,,,,,,,,,
579-2403,$18.79,https://ucarecdn.com/3e4dd373-3c5b-4df7-9139-b508697afc5f/,Hemodent Hemostatic Solution ,Retraction Materials ,Child,RETRACTION-LIQUIDS,Size ,20cc ,Count ,1/Pkg ,,,,,,,,,,,,
579-1363,$15.14,https://ucarecdn.com/9da96d5f-137d-4e56-9a7a-f9a8934dace3/,Hemodent Hemostatic Solution ,Retraction Materials ,Child,RETRACTION-LIQUIDS,Size ,10cc,Count ,1/Pkg,,,,,,,,,,,,
,,,,,,,,,,,,,,,,,,,,,,
APPLICATOR-BRUSHES,,https://ucarecdn.com/e2d1f621-2d84-4b18-9f5c-51449efbdd1f/,Applicator Brushes ,Dispensing Tips & Applicator Brushes,parent-variable,,,,,,,,,,,,,,,,,
383-4231,$34.50,https://ucarecdn.com/e2d1f621-2d84-4b18-9f5c-51449efbdd1f/,Microbrush Plus Dispenser Series Applicators Refill,Dispensing Tips & Applicator Brushes,Child ,APPLICATOR-BRUSHES,Tip Type ,Medium ,Count ,400/Pkg ,Color ,"Blue, Green, Orangle Purple ",,,,,,,,,,
082-6370,$14.36,https://ucarecdn.com/06bd92a5-661b-42a5-8769-7760932ad06b/,Patterson Endodontic Anatomical Disposable Applicators,Dispensing Tips & Applicator Brushes,Child ,APPLICATOR-BRUSHES,Tips Type ,Large ,Count ,50/Pkg ,Color ,Black ,,,,,,,,,,
501-2281,$32.62,https://ucarecdn.com/0fc336e3-992b-48b9-b77e-395695c35e74/,Bendable Applicator Brushes,Dispensing Tips & Applicator Brushes,Child ,APPLICATOR-BRUSHES,Adjustability ,Bendable ,Count ,120/Pkg,Color ,"Blue, Green, Yellow, Red",,,,,,,,,,
189-4740,$35.52,https://ucarecdn.com/f82db396-d2c7-4be3-98aa-26c431d221d4/,Benda Brush Disposable Applicator,Dispensing Tips & Applicator Brushes,Child ,APPLICATOR-BRUSHES,Adjustability ,Bendable ,Count ,144/Pkg,Color ,Assorted ,,,,,,,,,,
,,,,,,,,,,,,,,,,,,,,,,
METAL-FREE-POSTS,,https://ucarecdn.com/d3959adf-9087-43ae-8a34-9b72cb346982/,Metal Free Posts ,Pins & Posts,parent-variable,,,,,,,,,,,,,,,,,
503-4251,$129.36,https://ucarecdn.com/d3959adf-9087-43ae-8a34-9b72cb346982/,RelyX Fiber Post Refill,Pins & Posts,Child ,METAL-FREE-POSTS,Size ,"2, 1.6mm",Count ,10/pkg ,Color ,Red ,Brand ,3M,,,,,,,,
503-4269,$129.36,https://ucarecdn.com/b3c8de82-ce0a-4fad-90ea-ee99fb88077e/,RelyX Fiber Post Refill,Pins & Posts,Child ,METAL-FREE-POSTS,Size ,"3, 1.9mm ",Count ,10/Pkg ,Color ,Blue ,Brand ,3M ,,,,,,,,
711-6452,$78.27,https://ucarecdn.com/e625fff2-aee6-4203-8ca4-4b204f72e3e5/,Rebilda Posts Refills ,Pins & Posts,Child ,METAL-FREE-POSTS,Size ,1.0mm ,Count ,5/Pkg,Color ,White ,Brand ,Rebilda ,,,,,,,,
711-6445,$78.27,https://ucarecdn.com/549ad758-b429-4c7c-8917-5b83a163076f/,Rebilda Posts Refills ,Pins & Posts,Child ,METAL-FREE-POSTS,Size ,2.0mm,Count ,5/Pkg,Color ,White ,Brand ,Rebilda ,,,,,,,,
711-6437,$78.27,https://ucarecdn.com/549ad758-b429-4c7c-8917-5b83a163076f/,Rebilda Posts Refills ,Pins & Posts,Child ,METAL-FREE-POSTS,Size ,1.5mm ,Count ,5/Pkg ,Color ,White ,Brand ,Rebilda ,,,,,,,,
711-6429,$78.27,https://ucarecdn.com/2d430864-527c-442d-ac2a-233509819bca/,Rebilda Posts Refills ,Pins & Posts,Child ,METAL-FREE-POSTS,Size ,1.2mm ,Count ,5/Pkg ,Color ,White ,Brand,Rebilda ,,,,,,,,
,,,,,,,,,,,,,,,,,,,,,,
EVAUATION-LINE-CEANING-SOLUTIONS,,https://ucarecdn.com/3fa9a69c-b2f3-4da4-9e3d-b9ec32423625/,Evauation Line Ceaning Solutions ,"Sterilization, Disinfectants, & Line Cleaners",,,,,,,,,,,,,,,,,,
665-9049,$68.38,https://ucarecdn.com/3fa9a69c-b2f3-4da4-9e3d-b9ec32423625/,Purevac SC Evacuation System Cleaner ,"Sterilization, Disinfectants, & Line Cleaners",Parent,EVAUATION-LINE-CEANING-SOLUTIONS,Size ,2L ,Count ,1/Pkg , Brand,PUREVAC ,,,,,,,,,,
,,,,,,,,,,,,,,,,,,,,,,
HOT-&-COLD-PACKS,,https://ucarecdn.com/0f259228-3a7d-4498-a9a1-0883bf41fa44/,Hot & Cold Packs ,First Aid Kits & Supplies ,,,,,,,,,,,,,,,,,,
306-8947,$15.80,https://ucarecdn.com/0f259228-3a7d-4498-a9a1-0883bf41fa44/,Instant Disposable Hot/Cold Packs ,First Aid Kits & Supplies ,Parent ,HOT-&-COLD-PACKS,Size ,"4"" x 5"" ",Count ,24/Pkg ,,,,,,,,,,,,
,,,,,,,,,,,,,,,,,,,,,,
CHROMIC-GUT-SUTURES,,https://ucarecdn.com/f8ec8b5e-f0b5-4508-833f-6b349dac24eb/,Chromic Gut Sutures ,Surgical Materials,,,,,,,,,,,,,,,,,,
089-9567,$31.02,https://ucarecdn.com/f8ec8b5e-f0b5-4508-833f-6b349dac24eb/,Chromic Gut Dental Surgical Absorbable Sutures,Surgical Materials,Parent ,CHROMIC-GUT-SUTURES,Size ,3-0 ,Count ,12/Pkg ,Length ,"18"" ",Needle Type ,3/8 Circle ,Brand ,Patterson ,,,,,,
,,,,,,,,,,,,,,,,,,,,,,
15-BLADE-SCALPEL,,https://ucarecdn.com/8b379082-eec3-4008-abf4-5c40625889b3/,15 Blade Scalpel ,Surgical Materials,,,,,,,,,,,,,,,,,,
089-5334,$9.60,https://ucarecdn.com/8b379082-eec3-4008-abf4-5c40625889b3/,Patterson Disposable Stainless Steel Scalpels ,Surgical Materials,Parent,15-BLADE-SCALPEL,Size ,15,Count ,10/Box ,Sterilization ,Sterile ,,,,,,,,,,
,,,,,,,,,,,,,,,,,,,,,,
CURING-LIGHT,,https://ucarecdn.com/55063e98-9b7b-4a9a-a8ab-b35a59686e43/,Curing Light ,Curing Lights & Accessories,,,,,,,,,,,,,,,,,,
057-8971,"$1,475.59",https://ucarecdn.com/55063e98-9b7b-4a9a-a8ab-b35a59686e43/,Celalux 3 LED Curing Light ,Curing Lights & Accessories,Parent,CURING-LIGHT,Size ,160mm Length ,Count ,1/Pkg,Contents ,Full Starter Kit ,,,,,,,,,,
,,,,,,,,,,,,,,,,,,,,,,
CURING-LIGHT-SHEILDS,,https://ucarecdn.com/202048e6-e9c6-48f5-acac-f28d07318775/,Curing Light Sheilds ,Curing Lights & Accessories,parent-variable,,,,,,,,,,,,,,,,,
057-8963,$24.64,https://ucarecdn.com/202048e6-e9c6-48f5-acac-f28d07318775/,Celalux 3 Rubber Light Shield ,Curing Lights & Accessories,Child ,CURING-LIGHT-SHEILDS,Size ,8mm,Count ,3/Pkg ,Shape ,Dome ,,,,,,,,,,
568-4048,$37.39,https://ucarecdn.com/dcb24dc4-7791-477b-b7fe-71c5d9bcd8e8/,Pinnacle Vision Saver Disposable Curing Light Shield ,Curing Lights & Accessories,Child ,CURING-LIGHT-SHEILDS,Size ,Universal ,Count ,400/Pkg ,,,,,,,,,,,,
,,,,,,,,,,,,,,,,,,,,,,
MIXING-WELLS,,https://ucarecdn.com/9d0568cb-bea3-4d0c-bce7-212e9e3894fa/,Mixing Wells ,Mixing Wells ,,,,,,,,,,,,,,,,,,
088-7315,$42.58,https://ucarecdn.com/9d0568cb-bea3-4d0c-bce7-212e9e3894fa/,Patterson Disposable Mixing Wells ,Mixing Wells ,Parent,MIXING-WELLS,Capacity ,2mm,Count ,280/Pkg,Color ,White ,Color Family ,White ,,,,,,,,
,,,,,,,,,,,,,,,,,,,,,,
IN-OFFICE-BLEACHING-MATERIALS,,https://ucarecdn.com/52a98036-1745-421b-8d0d-2b43d29cf572/,In-Office Bleaching Materials,Bleaching/Tooth Whitening ,,,,,,,,,,,,,,,,,,
696-0603,$18.69,https://ucarecdn.com/52a98036-1745-421b-8d0d-2b43d29cf572/,Superoxol Dental Bleaching Agent ,Bleaching/Tooth Whitening ,Parent,IN-OFFICE-BLEACHING-MATERIALS,Size ,1oz ,Count ,1/Pkg,Consentration,35% Peroxide Bleaching Agent,,,,,,,,,,
,,,,,,,,,,,,,,,,,,,,,,
ULTRASONIC-SCALER-TIPS-&-INSERTS,,https://ucarecdn.com/b7cee637-83e2-443e-bb0c-69365b8761f4/,Ultrasonic Scaler Tips & Inserts ,Instruments,,,,,,,,,,,,,,,,,,
035-8978,$98.34,https://ucarecdn.com/b7cee637-83e2-443e-bb0c-69365b8761f4/,EMS Piezo Tips ,Instruments,Parent,ULTRASONIC-SCALER-TIPS-&-INSERTS,Instrument,A ,Count ,1/Pkg,Tip Material,Stainless Steel ,Tip Type ,"Perio, Scaling ",,,,,,,,
,,,,,,,,,,,,,,,,,,,,,,
BITE-REGISTRATION,,https://ucarecdn.com/6bca64b3-015f-44c2-bc78-2f1c41692d05/,Bite Registration ,Temporary Crown and Bridge Materials,,,,,,,,,,,,,,,,,,
037-0916,$49.26,https://ucarecdn.com/6bca64b3-015f-44c2-bc78-2f1c41692d05/,Imprint 4 Bite Registration Material Cartridge,Temporary Crown and Bridge Materials,Parent,BITE-REGISTRATION,Size ,50ml ,Count ,2/Pkg,,,,,,,,,,,,
,,,,,,,,,,,,,,,,,,,,,,
,,,,,,,,,,,,,,,,,,,,,,
OPTRASCULPT-PAD-INSTRUMENT,,https://ucarecdn.com/23c17b60-2b88-4854-9aa1-3b8309203d44/,OptraSculpt Pad Instrument ,Finishing & Polishing Rotary Instruments,,,,,,,,,,,,,,,,,,
713-8365,$49.55,https://ucarecdn.com/23c17b60-2b88-4854-9aa1-3b8309203d44/,OptraSculpt Pad Instrument Refill,Finishing & Polishing Rotary Instruments,Parent,OPTRASCULPT-PAD-INSTRUMENT,Size ,O/S ,Count ,1/Pkg ,Brand ,OptraSculpt,,,,,,,,,,
,,,,,,,,,,,,,,,,,,,,,,
OPTRASCULPT-PADS,,https://ucarecdn.com/c4d9f0f6-9234-4117-b0e1-c2315614d9ac/,OptraSculpt Pads ,Finishing & Polishing Rotary Instruments,parent-variable,,,,,,,,,,,,,,,,,
713-8332,$46.83,https://ucarecdn.com/c4d9f0f6-9234-4117-b0e1-c2315614d9ac/,OptraSculpt Pads Refill,Finishing & Polishing Rotary Instruments,Child ,OPTRASCULPT-PADS,Size ,6mm,Count ,60/Pkg ,Brand,OptraSculpt,,,,,,,,,,
713-8324,$46.83,https://ucarecdn.com/a62b4491-c62a-4549-b00b-c84099c01efd/,OptraSculpt Pads Refill,Finishing & Polishing Rotary Instruments,Child ,OPTRASCULPT-PADS,Size ,4mm,Count ,60/Pkg ,Brand,OptraSculpt,,,,,,,,,,
,,,,,,,,,,,,,,,,,,,,,,
NITROUS-OXIDE-PRODUCTS,,https://ucarecdn.com/d5cb682b-8c0d-4bc1-9ba1-71656941a524/,Nitrous Oxide Products ,Nitrous Oxide Products ,,,,,,,,,,,,,,,,,,
042-0836,$142.79,https://ucarecdn.com/d5cb682b-8c0d-4bc1-9ba1-71656941a524/,Porter Silhouette Low Profile Nasal Mask & Breathing Circuit,Nitrous Oxide Products ,Parent ,NITROUS-OXIDE-PRODUCTS,Size ,Small ,Count ,12/Pkg ,,,,,,,,,,,,